{
    "325:10": 20000,
    "173": 16000,
    "_139": 4000,
    "369": 2400,
    "263": 1600,
    "866": 1600, 
    "333": 1200,
    "_165": 1200,
    "58": 300,
    "5": 300,
    "17": 300,
    "162": 300,
    "_212": 300,
    "_5": 300,
    "_6": 300, 
    "_7": 300, 
    "_8": 300, 
    "_9": 300, 
    "_10": 300, 
    "72": 300, 
    "_150": 300,
    "_151": 300, 
    "_152": 300, 
    "_153": 300, 
    "_154": 300, 
    "85": 300,
    "107": 300,
    "183": 300,
    "184": 300,
    "185": 300,
    "186": 300,
    "187": 300,
    "188": 300,
    "189": 300,
    "190": 300,
    "191": 300,
    "192": 300,
    "53": 300,
    "134": 300,
    "135": 300,
    "136": 300,
    "163": 300,
    "164": 300,
    "47": 300,
    "65": 300,
    "96": 300,
    "_145": 300,
    "_146": 300,
    "_147": 300,
    "_148": 300,
    "_149": 300,
    "25": 300,
    "99": 300,
    "100": 300,
    "84": 300,
    "54": 300,
    "146": 300,
    "346": 300,
    "_194": 300,
    "_200": 300,
    "_201": 300,
    "_202": 300,
    "_203": 300,
    "_204": 300,
    "_213": 300,
    "151": 300,
    "261": 200,
    "324": 200,
    "427": 200,
    "428": 200,
    "429": 200,
    "430": 200,
    "431": 200,
    "268": 200,
    "269": 200,
    "270": 200,
    "271": 200,
    "290": 200,
    "323": 200,
    "158": 150,
    "6": 100,
    "280": 100,
    "35": 100,
    "143": 100,
    "_140": 100,
    "_141": 100,
    "_142": 100,
    "_143": 100,
    "_144": 100,
    "281": 100,
    "171": 67,
    "_163": 50
}