{
    "blocks": {
        "lit_blast_furnace": 469,
        "wood": 467,
        "jigsaw": 466,
        "sweet_berry_bush": 462,
        "barrel": 458,
        "smithing_table": 457,
        "cartography_table": 455,
        "lit_smoker": 454,
        "smoker": 453,
        "grindstone": 450,
        "lectern": 449,
        "darkoak_wall_sign": 448,
        "darkoak_standing_sign": 447,
        "acacia_wall_sign": 446,
        "acacia_standing_sign": 445,
        "jungle_wall_sign": 444,
        "birch_wall_sign": 442,
        "birch_standing_sign": 441,
        "spruce_wall_sign": 437,
        "red_nether_brick_stairs": 439,
        "smooth_stone": 438,
        "spruce_standing_sign": 436,
        "normal_stone_stairs": 435,
        "mossy_cobblestone_stairs": 434,
        "bell": 461,
        "end_brick_stairs": 433,
        "polished_diorite_stairs": 428,
        "andesite_stairs": 426,
        "diorite_stairs": 425,
        "stone_slab4": 421,
        "stone_slab3": 417,
        "undyed_shulker_box": 205,
        "chorus_flower": 200,
        "element_70": 336,
        "grass_path": 198,
        "acacia_door": 196,
        "dark_oak_door": 197,
        "redstone_ore": 73,
        "jungle_door": 195,
        "dark_oak_trapdoor": 402,
        "chain_command_block": 189,
        "acacia_fence_gate": 187,
        "standing_banner": 176,
        "jungle_trapdoor": 403,
        "element_88": 354,
        "stone_slab2": 182,
        "element_23": 289,
        "red_sandstone": 179,
        "powered_repeater": 94,
        "element_73": 339,
        "daylight_detector_inverted": 178,
        "element_78": 344,
        "double_plant": 175,
        "slime": 165,
        "cobblestone_wall": 139,
        "log2": 162,
        "element_26": 292,
        "stained_hardened_clay": 159,
        "double_stone_slab2": 181,
        "melon_stem": 105,
        "netherrack": 87,
        "double_wooden_slab": 157,
        "quartz_stairs": 156,
        "emerald_ore": 129,
        "ender_chest": 130,
        "smooth_red_sandstone_stairs": 431,
        "stripped_oak_log": 265,
        "element_44": 310,
        "powered_comparator": 150,
        "blast_furnace": 451,
        "quartz_ore": 153,
        "light_weighted_pressure_plate": 147,
        "smooth_quartz_stairs": 440,
        "skull": 144,
        "brown_mushroom_block": 99,
        "bamboo": 418,
        "stained_glass_pane": 160,
        "info_update2": 249,
        "carrots": 141,
        "beacon": 138,
        "monster_egg": 97,
        "command_block": 137,
        "log": 17,
        "composter": 468,
        "jungle_stairs": 136,
        "packed_ice": 174,
        "birch_stairs": 135,
        "tripwire": 132,
        "gold_ore": 14,
        "element_45": 311,
        "flower_pot": 140,
        "spruce_stairs": 134,
        "dark_oak_stairs": 164,
        "anvil": 145,
        "redstone_lamp": 123,
        "purple_glazed_terracotta": 219,
        "concrete": 236,
        "element_72": 338,
        "end_portal_frame": 120,
        "element_43": 309,
        "cauldron": 118,
        "brewing_stand": 117,
        "enchanting_table": 116,
        "spruce_door": 193,
        "dragon_egg": 122,
        "nether_wart": 115,
        "element_7": 273,
        "wall_banner": 177,
        "nether_brick_fence": 113,
        "snow": 80,
        "element_67": 333,
        "waterlily": 111,
        "lantern": 463,
        "quartz_block": 155,
        "stone_slab": 44,
        "mycelium": 110,
        "conduit": 412,
        "fence_gate": 107,
        "iron_trapdoor": 167,
        "element_95": 361,
        "pumpkin_stem": 104,
        "element_94": 360,
        "melon_block": 103,
        "element_57": 323,
        "red_mushroom_block": 100,
        "element_61": 327,
        "stonebrick": 98,
        "redstone_block": 152,
        "iron_bars": 101,
        "diamond_ore": 56,
        "coral_block": 387,
        "red_flower": 38,
        "scaffolding": 420,
        "chorus_plant": 240,
        "wool": 35,
        "hardened_clay": 172,
        "invisiblebedrock": 95,
        "magenta_glazed_terracotta": 222,
        "activator_rail": 126,
        "torch": 50,
        "stripped_jungle_log": 262,
        "element_21": 287,
        "acacia_button": 395,
        "deadbush": 32,
        "purpur_block": 201,
        "repeating_command_block": 188,
        "dropper": 125,
        "prismarine": 168,
        "heavy_weighted_pressure_plate": 148,
        "sandstone": 24,
        "element_11": 277,
        "iron_ore": 15,
        "iron_door": 71,
        "barrier": 416,
        "element_51": 317,
        "glass_pane": 102,
        "jukebox": 84,
        "element_1": 267,
        "dirt": 3,
        "stripped_birch_log": 261,
        "brown_mushroom": 39,
        "element_63": 329,
        "loom": 459,
        "brick_block": 45,
        "wooden_pressure_plate": 72,
        "cocoa": 127,
        "redstone_torch": 76,
        "nether_brick": 112,
        "hay_block": 170,
        "stonecutter": 245,
        "potatoes": 142,
        "noteblock": 25,
        "mossy_stone_brick_stairs": 430,
        "green_glazed_terracotta": 233,
        "tnt": 46,
        "sealantern": 169,
        "wooden_slab": 158,
        "sand": 12,
        "wall_sign": 68,
        "vine": 106,
        "portal": 90,
        "sponge": 19,
        "unlit_redstone_torch": 75,
        "carpet": 171,
        "dispenser": 23,
        "water": 9,
        "element_29": 295,
        "grass": 2,
        "element_101": 367,
        "smooth_sandstone_stairs": 432,
        "element_20": 286,
        "element_31": 297,
        "sapling": 6,
        "detector_rail": 28,
        "end_stone": 121,
        "element_92": 358,
        "spruce_trapdoor": 404,
        "sticky_piston": 29,
        "oak_stairs": 53,
        "red_sandstone_stairs": 180,
        "element_75": 341,
        "emerald_block": 133,
        "kelp": 393,
        "lapis_ore": 21,
        "element_66": 332,
        "stone_pressure_plate": 70,
        "red_mushroom": 40,
        "element_108": 374,
        "wooden_door": 64,
        "bookshelf": 47,
        "element_84": 350,
        "crafting_table": 58,
        "chest": 54,
        "yellow_glazed_terracotta": 224,
        "lava": 11,
        "obsidian": 49,
        "stained_glass": 241,
        "lit_furnace": 62,
        "lit_redstone_lamp": 124,
        "coal_ore": 16,
        "gravel": 13,
        "element_58": 324,
        "colored_torch_rg": 202,
        "colored_torch_bp": 204,
        "gold_block": 41,
        "acacia_stairs": 163,
        "piston": 33,
        "iron_block": 42,
        "acacia_pressure_plate": 405,
        "glass": 20,
        "golden_rail": 27,
        "lit_pumpkin": 91,
        "stone_brick_stairs": 109,
        "tallgrass": 31,
        "redstone_wire": 55,
        "rail": 66,
        "cake": 92,
        "mob_spawner": 52,
        "dark_oak_pressure_plate": 407,
        "diamond_block": 57,
        "element_71": 337,
        "wheat": 59,
        "element_111": 377,
        "furnace": 61,
        "standing_sign": 63,
        "stone_stairs": 67,
        "wooden_button": 143,
        "element_105": 371,
        "pistonarmcollision": 34,
        "double_stone_slab": 43,
        "element_38": 304,
        "element_42": 308,
        "coal_block": 173,
        "element_41": 307,
        "ice": 79,
        "soul_sand": 88,
        "jungle_standing_sign": 443,
        "brick_stairs": 108,
        "element_96": 362,
        "lapis_block": 22,
        "shulker_box": 218,
        "element_18": 284,
        "snow_layer": 78,
        "glowstone": 89,
        "element_17": 283,
        "leaves2": 161,
        "birch_trapdoor": 401,
        "cactus": 81,
        "gray_glazed_terracotta": 227,
        "clay": 82,
        "element_48": 314,
        "unpowered_comparator": 149,
        "double_stone_slab3": 422,
        "air": 0,
        "element_33": 299,
        "bedrock": 7,
        "element_5": 271,
        "observer": 251,
        "daylight_detector": 151,
        "underwater_torch": 239,
        "pumpkin": 86,
        "ladder": 65,
        "fence": 85,
        "element_112": 378,
        "element_64": 330,
        "coral_fan_hang3": 392,
        "birch_door": 194,
        "element_46": 312,
        "bed": 26,
        "cyan_glazed_terracotta": 229,
        "unpowered_repeater": 93,
        "cobblestone": 4,
        "red_nether_brick": 215,
        "purpur_stairs": 203,
        "trapdoor": 96,
        "coral_fan": 388,
        "stone_button": 77,
        "frosted_ice": 207,
        "end_rod": 208,
        "jungle_fence_gate": 185,
        "end_gateway": 209,
        "magma": 213,
        "coral": 386,
        "bone_block": 216,
        "white_glazed_terracotta": 220,
        "element_28": 294,
        "orange_glazed_terracotta": 221,
        "flowing_water": 8,
        "flowing_lava": 10,
        "element_14": 280,
        "light_blue_glazed_terracotta": 223,
        "carved_pumpkin": 410,
        "lime_glazed_terracotta": 225,
        "element_2": 268,
        "pink_glazed_terracotta": 226,
        "blue_glazed_terracotta": 231,
        "brown_glazed_terracotta": 232,
        "red_glazed_terracotta": 234,
        "element_15": 281,
        "web": 30,
        "lever": 69,
        "black_glazed_terracotta": 235,
        "sandstone_stairs": 128,
        "concretepowder": 237,
        "podzol": 243,
        "element_90": 356,
        "turtle_egg": 414,
        "stonecutter_block": 452,
        "element_79": 345,
        "glowingobsidian": 246,
        "dark_oak_fence_gate": 186,
        "netherreactor": 247,
        "info_update": 248,
        "movingblock": 250,
        "nether_brick_stairs": 114,
        "structure_block": 252,
        "leaves": 18,
        "reserved6": 255,
        "prismarine_stairs": 257,
        "acacia_trapdoor": 400,
        "dark_prismarine_stairs": 258,
        "prismarine_bricks_stairs": 259,
        "element_86": 352,
        "element_118": 384,
        "stripped_spruce_log": 260,
        "element_10": 276,
        "stripped_dark_oak_log": 264,
        "polished_granite_stairs": 427,
        "tripwire_hook": 131,
        "element_53": 319,
        "blue_ice": 266,
        "fire": 51,
        "campfire": 464,
        "dark_oak_button": 397,
        "birch_button": 396,
        "hard_stained_glass": 254,
        "element_83": 349,
        "element_65": 331,
        "element_97": 363,
        "planks": 5,
        "hard_glass_pane": 190,
        "hard_stained_glass_pane": 191,
        "chemical_heat": 192,
        "element_16": 282,
        "element_49": 315,
        "element_3": 269,
        "element_4": 270,
        "trapped_chest": 146,
        "element_6": 272,
        "stone": 1,
        "element_8": 274,
        "element_9": 275,
        "element_12": 278,
        "element_76": 342,
        "polished_andesite_stairs": 429,
        "element_13": 279,
        "element_113": 379,
        "element_19": 285,
        "lava_cauldron": 465,
        "element_22": 288,
        "fletching_table": 456,
        "element_24": 290,
        "element_25": 291,
        "hard_glass": 253,
        "element_30": 296,
        "element_32": 298,
        "element_34": 300,
        "element_35": 301,
        "element_37": 303,
        "lit_redstone_ore": 74,
        "element_39": 305,
        "element_40": 306,
        "element_47": 313,
        "bamboo_sapling": 419,
        "element_50": 316,
        "farmland": 60,
        "element_74": 340,
        "element_81": 347,
        "element_54": 320,
        "element_55": 321,
        "element_0": 36,
        "element_56": 322,
        "element_59": 325,
        "element_62": 328,
        "element_68": 334,
        "granite_stairs": 424,
        "spruce_fence_gate": 183,
        "element_77": 343,
        "element_80": 346,
        "reeds": 83,
        "element_82": 348,
        "element_85": 351,
        "element_60": 326,
        "element_87": 353,
        "element_89": 355,
        "element_91": 357,
        "element_36": 302,
        "nether_wart_block": 214,
        "element_93": 359,
        "element_98": 364,
        "element_99": 365,
        "element_103": 369,
        "element_69": 335,
        "element_100": 366,
        "element_102": 368,
        "double_stone_slab4": 423,
        "element_104": 370,
        "yellow_flower": 37,
        "beetroot": 244,
        "sea_pickle": 411,
        "element_106": 372,
        "frame": 199,
        "chemistry_table": 238,
        "element_107": 373,
        "element_116": 382,
        "element_109": 375,
        "stripped_acacia_log": 263,
        "element_110": 376,
        "element_114": 380,
        "element_115": 381,
        "silver_glazed_terracotta": 228,
        "element_117": 383,
        "element_52": 318,
        "coral_fan_dead": 389,
        "coral_fan_hang": 390,
        "coral_fan_hang2": 391,
        "dried_kelp_block": 394,
        "mossy_cobblestone": 48,
        "seagrass": 385,
        "birch_fence_gate": 184,
        "jungle_button": 398,
        "end_bricks": 206,
        "spruce_button": 399,
        "end_portal": 119,
        "birch_pressure_plate": 406,
        "hopper": 154,
        "jungle_pressure_plate": 408,
        "element_27": 293,
        "spruce_pressure_plate": 409,
        "bubble_column": 415
    },
    "items": {
        "element_117": -128,
        "element_115": -126,
        "element_114": -125,
        "element_113": -124,
        "element_111": -122,
        "element_110": -121,
        "element_116": -127,
        "element_109": -120,
        "element_106": -117,
        "element_105": -116,
        "element_101": -112,
        "element_103": -114,
        "element_99": -110,
        "element_97": -108,
        "record_11": 510,
        "record_ward": 509,
        "cooked_rabbit": 412,
        "record_stal": 507,
        "record_blocks": 502,
        "hopper_minecart": 408,
        "tallgrass": 31,
        "enchanted_book": 403,
        "rabbit_hide": 415,
        "beacon": 138,
        "iron_boots": 309,
        "beetroot_soup": 459,
        "element_79": -90,
        "fireball": 385,
        "netherstar": 399,
        "spawn_egg": 383,
        "writable_book": 386,
        "speckled_melon": 382,
        "ender_eye": 381,
        "nether_wart": 372,
        "element_7": -18,
        "glass_bottle": 374,
        "barrel": -203,
        "element_57": -68,
        "quartz": 406,
        "baked_potato": 393,
        "element_55": -66,
        "potion": 373,
        "element_102": -113,
        "ender_pearl": 368,
        "element_10": -21,
        "record_cat": 501,
        "skull": 397,
        "brown_mushroom_block": 99,
        "element_27": -38,
        "shears": 359,
        "map": 358,
        "cake": 354,
        "bone": 352,
        "fishing_rod": 346,
        "redstone": 331,
        "slime_ball": 341,
        "blast_furnace": -196,
        "element_25": -36,
        "clay_ball": 337,
        "horsearmorleather": 416,
        "pumpkin_seeds": 361,
        "experience_bottle": 384,
        "element_21": -32,
        "brick": 336,
        "boat": 333,
        "element_100": -111,
        "element_69": -80,
        "iron_door": 330,
        "element_51": -62,
        "minecart": 328,
        "sapling": 6,
        "element_108": -119,
        "wooden_door": 324,
        "element_84": -95,
        "sign": 323,
        "flint": 318,
        "element_12": -23,
        "element_76": -87,
        "element_16": -27,
        "saddle": 329,
        "iron_chestplate": 307,
        "bread": 297,
        "totem": 450,
        "element_40": -51,
        "shield": 513,
        "jungle_door": 429,
        "end_crystal": 426,
        "iron_axe": 258,
        "book": 340,
        "armor_stand": 425,
        "wooden_sword": 268,
        "element_19": -30,
        "stick": 280,
        "muttonraw": 423,
        "flint_and_steel": 259,
        "trident": 455,
        "golden_leggings": 316,
        "chainmail_boots": 305,
        "netherbrick": 405,
        "wooden_hoe": 290,
        "melon_seeds": 362,
        "carpet": 171,
        "spruce_door": 427,
        "gold_nugget": 371,
        "chicken": 365,
        "poisonous_potato": 394,
        "emptymap": 395,
        "wooden_pickaxe": 270,
        "string": 287,
        "clownfish": 461,
        "golden_carrot": 396,
        "colored_torch_bp": 204,
        "element_90": -101,
        "paper": 339,
        "cauldron": 380,
        "potato": 392,
        "comparator": 404,
        "banner": 446,
        "element_78": -89,
        "carrotonastick": 398,
        "element_50": -61,
        "element_74": -85,
        "element_81": -92,
        "coral_fan": -133,
        "beetroot_seeds": 458,
        "emerald": 388,
        "element_95": -106,
        "rabbit": 411,
        "ghast_tear": 370,
        "appleenchanted": 466,
        "dragon_breath": 437,
        "bucket": 325,
        "element_73": -84,
        "gunpowder": 289,
        "mushroom_stew": 282,
        "element_87": -98,
        "element_60": -71,
        "element_67": -78,
        "iron_pickaxe": 257,
        "carrot": 391,
        "brewing_stand": 379,
        "chest_minecart": 342,
        "record_chirp": 503,
        "double_plant": 175,
        "prismarine_crystals": 422,
        "dye": 351,
        "golden_apple": 322,
        "diamond_sword": 276,
        "chainmail_helmet": 302,
        "record_far": 504,
        "record_mall": 505,
        "repeater": 356,
        "pufferfish": 462,
        "hopper": 410,
        "element_20": -31,
        "iron_ingot": 265,
        "record_strad": 508,
        "beef": 363,
        "cooked_chicken": 366,
        "iron_helmet": 306,
        "muttoncooked": 424,
        "leather_boots": 301,
        "element_32": -43,
        "snowball": 332,
        "cooked_salmon": 463,
        "lead": 420,
        "dried_kelp": 464,
        "piston": 33,
        "diamond_hoe": 293,
        "sweet_berries": 477,
        "cookie": 357,
        "stone_pickaxe": 274,
        "melon": 360,
        "diamond_leggings": 312,
        "record_13": 500,
        "element_118": -129,
        "wooden_shovel": 269,
        "element_53": -64,
        "cooked_beef": 364,
        "sand": 12,
        "stone_hoe": 291,
        "record_wait": 511,
        "jungle_sign": 474,
        "golden_chestplate": 315,
        "dark_oak_door": 431,
        "rotten_flesh": 367,
        "element_49": -60,
        "diamond": 264,
        "flower_pot": 390,
        "horsearmoriron": 417,
        "leather_leggings": 300,
        "log": 17,
        "bow": 261,
        "element_24": -35,
        "fletching_table": -201,
        "sugar": 353,
        "wheat": 296,
        "leather": 334,
        "planks": 5,
        "element_66": -77,
        "rapid_fertilizer": 449,
        "element_2": -13,
        "stone_shovel": 273,
        "element_68": -79,
        "composter": -213,
        "apple": 260,
        "stone_axe": 275,
        "rabbit_foot": 414,
        "element_70": -81,
        "magma_cream": 378,
        "turtle_egg": -159,
        "porkchop": 319,
        "diamond_axe": 279,
        "sandstone": 24,
        "fireworkscharge": 402,
        "bowl": 281,
        "smithing_table": -202,
        "blaze_powder": 377,
        "acacia_door": 430,
        "clock": 347,
        "gold_ingot": 266,
        "golden_sword": 283,
        "element_88": -99,
        "cooked_fish": 350,
        "golden_hoe": 294,
        "bell": -206,
        "record_mellohi": 506,
        "iron_leggings": 308,
        "cooked_porkchop": 320,
        "diamond_chestplate": 311,
        "feather": 288,
        "element_89": -100,
        "wooden_axe": 271,
        "iron_hoe": 292,
        "painting": 321,
        "ice_bomb": 453,
        "arrow": 262,
        "leaves2": 161,
        "stone_sword": 272,
        "fence": 85,
        "element_112": -123,
        "element_64": -75,
        "diamond_helmet": 310,
        "iron_shovel": 256,
        "element_34": -45,
        "diamond_pickaxe": 278,
        "leather_chestplate": 299,
        "element_30": -41,
        "salmon": 460,
        "splash_potion": 438,
        "written_book": 387,
        "golden_shovel": 284,
        "golden_helmet": 314,
        "diamond_boots": 313,
        "element_98": -109,
        "golden_boots": 317,
        "prismarine_shard": 409,
        "chorus_fruit": 432,
        "chorus_fruit_popped": 433,
        "iron_sword": 267,
        "lingering_potion": 441,
        "element_44": -55,
        "command_block_minecart": 443,
        "elytra": 444,
        "fish": 349,
        "shulker_shell": 445,
        "iron_nugget": 452,
        "nautilus_shell": 465,
        "darkoak_sign": 476,
        "element_45": -56,
        "heart_of_the_sea": 467,
        "turtle_shell_piece": 468,
        "turtle_helmet": 469,
        "undyed_shulker_box": 205,
        "phantom_membrane": 470,
        "anvil": 145,
        "colored_torch_rg": 202,
        "element_58": -69,
        "crossbow": 471,
        "element_11": -22,
        "birch_sign": 473,
        "fireworks": 401,
        "acacia_sign": 475,
        "wheat_seeds": 295,
        "element_15": -26,
        "banner_pattern": 434,
        "element_1": -12,
        "dirt": 3,
        "campfire": 720,
        "compound": 499,
        "bleach": 451,
        "balloon": 448,
        "medicine": 447,
        "name_tag": 421,
        "sparkler": 442,
        "golden_pickaxe": 285,
        "glow_stick": 166,
        "element_31": -42,
        "egg": 344,
        "wool": 35,
        "stonebrick": 98,
        "coral_block": -132,
        "double_stone_slab": 44,
        "element_38": -49,
        "element_42": -53,
        "fermented_spider_eye": 376,
        "stained_hardened_clay": 159,
        "double_stone_slab2": 182,
        "element_77": -88,
        "element_104": -115,
        "double_stone_slab4": -166,
        "real_double_stone_slab2": 181,
        "compass": 345,
        "real_double_stone_slab3": -167,
        "element_13": -24,
        "leaves": 18,
        "element_5": -16,
        "red_sandstone": 179,
        "monster_egg": 97,
        "quartz_block": 155,
        "lantern": -208,
        "tnt": 46,
        "beetroot": 457,
        "sea_pickle": -156,
        "real_double_stone_slab4": -168,
        "yellow_flower": 37,
        "red_flower": 38,
        "horsearmorgold": 418,
        "waterlily": 111,
        "sponge": 19,
        "grindstone": -195,
        "snow_layer": 78,
        "element_17": -28,
        "element_28": -39,
        "purpur_block": 201,
        "spruce_sign": 472,
        "cobblestone_wall": 139,
        "coral": -131,
        "seagrass": -130,
        "red_mushroom_block": 100,
        "element_61": -72,
        "log2": 162,
        "element_26": -37,
        "end_portal_frame": 120,
        "element_43": -54,
        "conduit": -157,
        "prismarine": 168,
        "wooden_slab": 158,
        "sealantern": 169,
        "concrete": 236,
        "element_72": -83,
        "magma": 213,
        "stained_glass": 241,
        "concrete_powder": 237,
        "shulker_box": 218,
        "element_18": -29,
        "sticky_piston": 29,
        "horsearmordiamond": 419,
        "stained_glass_pane": 160,
        "bamboo": -163,
        "scaffolding": -165,
        "smoker": -198,
        "loom": -204,
        "element_47": -58,
        "cartography_table": -200,
        "wood": -212,
        "tnt_minecart": 407,
        "glowstone_dust": 348,
        "element_71": -82,
        "element_107": -118,
        "frame": 389,
        "chemistry_table": 238,
        "kelp": 335,
        "element_75": -86,
        "hard_stained_glass": 254,
        "hard_stained_glass_pane": 191,
        "element_4": -15,
        "element_3": -14,
        "element_6": -17,
        "stone": 1,
        "element_8": -19,
        "element_9": -20,
        "element_14": -25,
        "leather_helmet": 298,
        "element_22": -33,
        "pumpkin_pie": 400,
        "chainmail_leggings": 304,
        "element_23": -34,
        "rabbit_stew": 413,
        "element_29": -40,
        "air": -158,
        "double_stone_slab3": -162,
        "element_33": -44,
        "chainmail_chestplate": 303,
        "element_35": -46,
        "blaze_rod": 369,
        "element_37": -48,
        "diamond_shovel": 277,
        "element_39": -50,
        "brewingstandblock": 117,
        "element_41": -52,
        "bed": 355,
        "birch_door": 428,
        "element_46": -57,
        "element_48": -59,
        "coral_fan_dead": -134,
        "element_52": -63,
        "coal": 263,
        "element_54": -65,
        "element_0": 36,
        "element_56": -67,
        "element_59": -70,
        "spider_eye": 375,
        "element_62": -73,
        "element_63": -74,
        "element_80": -91,
        "reeds": 338,
        "golden_axe": 286,
        "element_82": -93,
        "element_65": -76,
        "element_83": -94,
        "element_85": -96,
        "element_86": -97,
        "element_91": -102,
        "element_92": -103,
        "element_36": -47,
        "element_93": -104,
        "real_double_stone_slab": 43,
        "element_94": -105,
        "element_96": -107
    }
}