{
    "blocks": {
        "allow": 470,
        "ancient_debris": 471,
        "basalt": 472,
        "bee_nest": 473,
        "beehive": 474,
        "blackstone": 475,
        "blackstone_double_slab": 476,
        "blackstone_slab": 477,
        "blackstone_stairs": 478,
        "blackstone_wall": 479,
        "border_block": 480,
        "camera": 481,
        "chain": 482,
        "chiseled_nether_bricks": 483,
        "chiseled_polished_blackstone": 484,
        "cracked_nether_bricks": 485,
        "cracked_polished_blackstone_bricks": 486,
        "crimson_button": 487,
        "crimson_door": 488,
        "crimson_double_slab": 489,
        "crimson_fence": 490,
        "crimson_fence_gate": 491,
        "crimson_fungus": 492,
        "crimson_hyphae": 493,
        "crimson_nylium": 494,
        "crimson_planks": 495,
        "crimson_pressure_plate": 496,
        "crimson_roots": 497,
        "crimson_slab": 498,
        "crimson_stairs": 499,
        "crimson_standing_sign": 500,
        "crimson_stem": 501,
        "crimson_trapdoor": 502,
        "crimson_wall_sign": 503,
        "crying_obsidian": 504,
        "deny": 505,
        "gilded_blackstone": 506,
        "honey_block": 507,
        "honeycomb_block": 508,
        "light_block": 509,
        "lodestone": 510,
        "nether_gold_ore": 511,
        "nether_sprouts": 512,
        "netherite_block": 513,
        "polished_basalt": 514,
        "polished_blackstone": 515,
        "polished_blackstone_brick_double_slab": 516,
        "polished_blackstone_brick_slab": 517,
        "polished_blackstone_brick_stairs": 518,
        "polished_blackstone_brick_wall": 519,
        "polished_blackstone_bricks": 520,
        "polished_blackstone_button": 521,
        "polished_blackstone_double_slab": 522,
        "polished_blackstone_pressure_plate": 523,
        "polished_blackstone_slab": 524,
        "polished_blackstone_stairs": 525,
        "polished_blackstone_wall": 526,
        "quartz_bricks": 527,
        "respawn_anchor": 528,
        "shroomlight": 529,
        "soul_campfire": 530,
        "soul_fire": 531,
        "soul_lantern": 532,
        "soul_soil": 533,
        "soul_torch": 534,
        "stickypistonarmcollision": 535,
        "stripped_crimson_hyphae": 536,
        "stripped_crimson_stem": 537,
        "stripped_warped_hyphae": 538,
        "stripped_warped_stem": 539,
        "structure_void": 540,
        "target": 541,
        "twisting_vines": 542,
        "unknown": 543,
        "warped_button": 544,
        "warped_door": 545,
        "warped_double_slab": 546,
        "warped_fence": 547,
        "warped_fence_gate": 548,
        "warped_fungus": 549,
        "warped_hyphae": 550,
        "warped_nylium": 551,
        "warped_planks": 552,
        "warped_pressure_plate": 553,
        "warped_roots": 554,
        "warped_slab": 555,
        "warped_stairs": 556,
        "warped_standing_sign": 557,
        "warped_stem": 558,
        "warped_trapdoor": 559,
        "warped_wall_sign": 560,
        "warped_wart_block": 561,
        "weeping_vines": 562,
        "wither_rose": 563
    },
    "items": {
        "carved_pumpkin": 725,
        "flower_banner_pattern": 727,
        "music_disc_blocks": 728,
        "netherite_scrap": 733,
        "netherite_leggings": 734,
        "netherite_shovel": 735,
        "netherite_sword": 736,
        "netherite_ingot": 738,
        "lodestone_compass": 739,
        "light_gray_dye": 740,
        "honey_bottle": 742,
        "piglin_banner_pattern": 743,
        "mojang_banner_pattern": 744,
        "field_masoned_banner_pattern": 746,
        "creeper_banner_pattern": 747,
        "brown_dye": 748,
        "farmland": 749,
        "panda_spawn_egg": 751,
        "crimson_sign": 752,
        "scute": 753,
        "totem_of_undying": 754,
        "cooked_mutton": 755,
        "mutton": 756,
        "music_disc_11": 757,
        "music_disc_ward": 758,
        "bordure_indented_banner_pattern": 759,
        "music_disc_strad": 760,
        "music_disc_mellohi": 761,
        "music_disc_far": 762,
        "music_disc_cat": 763,
        "diamond_horse_armor": 764,
        "music_disc_chirp": 765,
        "carrot_on_a_stick": 766,
        "iron_horse_armor": 767,
        "warped_sign": 768,
        "music_disc_stal": 769,
        "suspicious_stew": 770,
        "light_blue_dye": 771,
        "leather_horse_armor": 772,
        "green_dye": 773,
        "firework_star": 774,
        "sugar_cane": 775,
        "nether_star": 776,
        "netherite_helmet": 777,
        "empty_map": 778,
        "fire_charge": 779,
        "zoglin_spawn_egg": 780,
        "bee_spawn_egg": 781,
        "ravager_spawn_egg": 782,
        "pillager_spawn_egg": 783,
        "cat_spawn_egg": 784,
        "enderman_spawn_egg": 785,
        "agent_spawn_egg": 786,
        "phantom_spawn_egg": 787,
        "turtle_spawn_egg": 788,
        "dolphin_spawn_egg": 789,
        "drowned_spawn_egg": 790,
        "pufferfish_spawn_egg": 791,
        "cod_spawn_egg": 792,
        "polar_bear_spawn_egg": 793,
        "shulker_spawn_egg": 794,
        "donkey_spawn_egg": 795,
        "cow_spawn_egg": 796,
        "yellow_dye": 797,
        "wither_skeleton_spawn_egg": 798,
        "husk_spawn_egg": 799,
        "stray_spawn_egg": 800,
        "fox_spawn_egg": 801,
        "salmon_spawn_egg": 802,
        "guardian_spawn_egg": 803,
        "endermite_spawn_egg": 804,
        "cave_spider_spawn_egg": 805,
        "blaze_spawn_egg": 806,
        "ghast_spawn_egg": 807,
        "witch_spawn_egg": 808,
        "ocelot_spawn_egg": 809,
        "zombie_pigman_spawn_egg": 810,
        "squid_spawn_egg": 811,
        "hoglin_spawn_egg": 812,
        "bat_spawn_egg": 813,
        "zombie_spawn_egg": 814,
        "dark_oak_sign": 815,
        "skeleton_spawn_egg": 816,
        "netherite_pickaxe": 817,
        "skull_banner_pattern": 818,
        "parrot_spawn_egg": 819,
        "mooshroom_spawn_egg": 820,
        "wandering_trader_spawn_egg": 821,
        "cod": 822,
        "wolf_spawn_egg": 823,
        "sheep_spawn_egg": 824,
        "mule_spawn_egg": 825,
        "netherite_boots": 826,
        "chicken_spawn_egg": 827,
        "tropical_fish": 828,
        "glistering_melon_slice": 829,
        "melon_slice": 830,
        "music_disc_wait": 831,
        "blue_dye": 832,
        "filled_map": 833,
        "lapis_lazuli": 834,
        "ink_sac": 835,
        "white_dye": 836,
        "orange_dye": 837,
        "magenta_dye": 838,
        "gray_dye": 839,
        "cyan_dye": 840,
        "purple_dye": 841,
        "red_dye": 842,
        "music_disc_13": 844,
        "black_dye": 845,
        "tropical_fish_spawn_egg": 847,
        "villager_spawn_egg": 848,
        "netherite_chestplate": 849,
        "netherite_axe": 850,
        "firework_rocket": 851,
        "pink_dye": 852,
        "cod_bucket": 853,
        "pig_spawn_egg": 854,
        "magma_cube_spawn_egg": 855,
        "dark_oak_boat": 856,
        "acacia_boat": 857,
        "lava_bucket": 858,
        "spruce_boat": 859,
        "jungle_boat": 860,
        "tropical_fish_bucket": 862,
        "salmon_bucket": 863,
        "cocoa_beans": 864,
        "silverfish_spawn_egg": 865,
        "water_bucket": 866,
        "enchanted_golden_apple": 867,
        "creeper_spawn_egg": 868,
        "lit_pumpkin": 869,
        "popped_chorus_fruit": 870,
        "zombie_horse_spawn_egg": 871,
        "golden_horse_armor": 872,
        "music_disc_pigstep": 873,
        "bone_meal": 874,
        "music_disc_mall": 875,
        "evoker_spawn_egg": 876,
        "piglin_brute_spawn_egg": 877,
        "rabbit_spawn_egg": 878,
        "llama_spawn_egg": 879,
        "elder_guardian_spawn_egg": 880,
        "oak_sign": 323,
        "charcoal": 883,
        "spider_spawn_egg": 884,
        "lime_dye": 885,
        "honeycomb": 886,
        "npc_spawn_egg": 887,
        "pufferfish_bucket": 888,
        "vex_spawn_egg": 889,
        "oak_boat": 890,
        "skeleton_horse_spawn_egg": 892,
        "birch_boat": 893,
        "milk_bucket": 894,
        "cooked_cod": 895,
        "horse_spawn_egg": 896,
        "slime_spawn_egg": 897,
        "netherite_hoe": 898,
        "zombie_villager_spawn_egg": 899,
        "pumpkin": 900,
        "strider_spawn_egg": 901,
        "piglin_spawn_egg": 902,
        "warped_fungus_on_a_stick": 903,
        "vindicator_spawn_egg": 904,
        "allow": -215,
        "ancient_debris": -216,
        "basalt": -217,
        "bee_nest": -218,
        "beehive": -219,
        "blackstone": -220,
        "blackstone_double_slab": -221,
        "blackstone_slab": -222,
        "blackstone_stairs": -223,
        "blackstone_wall": -224,
        "border_block": -225,
        "camera": -226,
        "chain": -227,
        "chiseled_nether_bricks": -228,
        "chiseled_polished_blackstone": -229,
        "cracked_nether_bricks": -230,
        "cracked_polished_blackstone_bricks": -231,
        "crimson_button": -232,
        "crimson_door": -233,
        "crimson_double_slab": -234,
        "crimson_fence": -235,
        "crimson_fence_gate": -236,
        "crimson_fungus": -237,
        "crimson_hyphae": -238,
        "crimson_nylium": -239,
        "crimson_planks": -240,
        "crimson_pressure_plate": -241,
        "crimson_roots": -242,
        "crimson_slab": -243,
        "crimson_stairs": -244,
        "crimson_standing_sign": -245,
        "crimson_stem": -246,
        "crimson_trapdoor": -247,
        "crimson_wall_sign": -248,
        "crying_obsidian": -249,
        "deny": -250,
        "gilded_blackstone": -251,
        "honey_block": -252,
        "honeycomb_block": -253,
        "light_block": -254,
        "lodestone": -255,
        "nether_gold_ore": -256,
        "nether_sprouts": -257,
        "netherite_block": -258,
        "polished_basalt": -259,
        "polished_blackstone": -260,
        "polished_blackstone_brick_double_slab": -261,
        "polished_blackstone_brick_slab": -262,
        "polished_blackstone_brick_stairs": -263,
        "polished_blackstone_brick_wall": -264,
        "polished_blackstone_bricks": -265,
        "polished_blackstone_button": -266,
        "polished_blackstone_double_slab": -267,
        "polished_blackstone_pressure_plate": -268,
        "polished_blackstone_slab": -269,
        "polished_blackstone_stairs": -270,
        "polished_blackstone_wall": -271,
        "quartz_bricks": -272,
        "respawn_anchor": -273,
        "shroomlight": -274,
        "soul_campfire": -275,
        "soul_fire": -276,
        "soul_lantern": -277,
        "soul_soil": -278,
        "soul_torch": -279,
        "stickypistonarmcollision": -280,
        "stripped_crimson_hyphae": -281,
        "stripped_crimson_stem": -282,
        "stripped_warped_hyphae": -283,
        "stripped_warped_stem": -284,
        "structure_void": -285,
        "target": -286,
        "twisting_vines": -287,
        "unknown": -288,
        "warped_button": -289,
        "warped_door": -290,
        "warped_double_slab": -291,
        "warped_fence": -292,
        "warped_fence_gate": -293,
        "warped_fungus": -294,
        "warped_hyphae": -295,
        "warped_nylium": -296,
        "warped_planks": -297,
        "warped_pressure_plate": -298,
        "warped_roots": -299,
        "warped_slab": -300,
        "warped_stairs": -301,
        "warped_standing_sign": -302,
        "warped_stem": -303,
        "warped_trapdoor": -304,
        "warped_wall_sign": -305,
        "warped_wart_block": -306,
        "weeping_vines": -307,
        "wither_rose": -308,

        "sweet_berry_bush": -207,
        "stripped_oak_log": -10,
        "stripped_acacia_log": -8,
        "spruce_trapdoor": -149,
        "spruce_pressure_plate": -154,
        "spruce_button": -144,
        "smooth_stone": -183,
        "polished_granite_stairs": -172,
        "polished_diorite_stairs": -173,
        "mossy_stone_brick_stairs": -175,
        "lit_smoker": -199,
        "lit_blast_furnace": -214,
        "lectern": -194,
        "kelp": -138,
        "jungle_trapdoor": -148,
        "jungle_pressure_plate": -153,
        "prismarine_bricks_stairs": -4,
        "end_brick_stairs": -178,
        "diorite_stairs": -170,
        "dark_oak_button": -142,
        "coral_fan_hang": -135,
        "stripped_spruce_log": -5,
        "campfire": -209,
        "bubble_column": -160,
        "jungle_wall_sign": -189,
        "birch_wall_sign": -187,
        "birch_pressure_plate": -151,
        "birch_button": -141,
        "bamboo_sapling": -164,
        "jungle_button": -143,
        "stripped_birch_log": -6,
        "acacia_wall_sign": -191,
        "acacia_pressure_plate": -150,
        "darkoak_wall_sign": -193,
        "red_nether_brick_stairs": -184,
        "acacia_trapdoor": -145,
        "normal_stone_stairs": -180,
        "stripped_dark_oak_log": -9,
        "dark_prismarine_stairs": -3,
        "granite_stairs": -169,
        "smooth_sandstone_stairs": -177,
        "barrier": -161,
        "jungle_standing_sign": -188,
        "stonecutter_block": -197,
        "coral_fan_hang2": -136,
        "spruce_wall_sign": -182,
        "smooth_quartz_stairs": -185,
        "birch_standing_sign": -186,
        "blue_ice": -11,
        "dark_oak_pressure_plate": -152,
        "spruce_standing_sign": -181,
        "smooth_red_sandstone_stairs": -176,
        "mossy_cobblestone_stairs": -179,
        "lava_cauldron": -210,
        "dark_oak_trapdoor": -147,
        "coral_fan_hang3": -137,
        "polished_andesite_stairs": -174,
        "acacia_standing_sign": -190,
        "stripped_jungle_log": -7,
        "andesite_stairs": -171,
        "birch_trapdoor": -146,
        "prismarine_stairs": -2,
        "jigsaw": -211,
        "darkoak_standing_sign": -192,
        "acacia_button": -140,
        "dried_kelp_block": -139
    }
}