{
    "blocks": {
        "allow": 470,
        "ancient_debris": 471,
        "basalt": 472,
        "bee_nest": 473,
        "beehive": 474,
        "blackstone": 475,
        "blackstone_double_slab": 476,
        "blackstone_slab": 477,
        "blackstone_stairs": 478,
        "blackstone_wall": 479,
        "border_block": 480,
        "camera": 481,
        "chain": 482,
        "chiseled_nether_bricks": 483,
        "chiseled_polished_blackstone": 484,
        "cracked_nether_bricks": 485,
        "cracked_polished_blackstone_bricks": 486,
        "crimson_button": 487,
        "crimson_door": 488,
        "crimson_double_slab": 489,
        "crimson_fence": 490,
        "crimson_fence_gate": 491,
        "crimson_fungus": 492,
        "crimson_hyphae": 493,
        "crimson_nylium": 494,
        "crimson_planks": 495,
        "crimson_pressure_plate": 496,
        "crimson_roots": 497,
        "crimson_slab": 498,
        "crimson_stairs": 499,
        "crimson_standing_sign": 500,
        "crimson_stem": 501,
        "crimson_trapdoor": 502,
        "crimson_wall_sign": 503,
        "crying_obsidian": 504,
        "deny": 505,
        "gilded_blackstone": 506,
        "honey_block": 507,
        "honeycomb_block": 508,
        "light_block": 509,
        "lodestone": 510,
        "nether_gold_ore": 511,
        "nether_sprouts": 512,
        "netherite_block": 513,
        "polished_basalt": 514,
        "polished_blackstone": 515,
        "polished_blackstone_brick_double_slab": 516,
        "polished_blackstone_brick_slab": 517,
        "polished_blackstone_brick_stairs": 518,
        "polished_blackstone_brick_wall": 519,
        "polished_blackstone_bricks": 520,
        "polished_blackstone_button": 521,
        "polished_blackstone_double_slab": 522,
        "polished_blackstone_pressure_plate": 523,
        "polished_blackstone_slab": 524,
        "polished_blackstone_stairs": 525,
        "polished_blackstone_wall": 526,
        "quartz_bricks": 527,
        "respawn_anchor": 528,
        "shroomlight": 529,
        "soul_campfire": 530,
        "soul_fire": 531,
        "soul_lantern": 532,
        "soul_soil": 533,
        "soul_torch": 534,
        "stickypistonarmcollision": 535,
        "stripped_crimson_hyphae": 536,
        "stripped_crimson_stem": 537,
        "stripped_warped_hyphae": 538,
        "stripped_warped_stem": 539,
        "structure_void": 540,
        "target": 541,
        "twisting_vines": 542,
        "unknown": 543,
        "warped_button": 544,
        "warped_door": 545,
        "warped_double_slab": 546,
        "warped_fence": 547,
        "warped_fence_gate": 548,
        "warped_fungus": 549,
        "warped_hyphae": 550,
        "warped_nylium": 551,
        "warped_planks": 552,
        "warped_pressure_plate": 553,
        "warped_roots": 554,
        "warped_slab": 555,
        "warped_stairs": 556,
        "warped_standing_sign": 557,
        "warped_stem": 558,
        "warped_trapdoor": 559,
        "warped_wall_sign": 560,
        "warped_wart_block": 561,
        "weeping_vines": 562,
        "wither_rose": 563
    },
    "items": {
        "flower_banner_pattern": 722,
        "music_disc_blocks": 502,
        "netherite_scrap": 724,
        "netherite_leggings": 725,
        "netherite_shovel": 726,
        "netherite_sword": 727,
        "netherite_ingot": 728,
        "lodestone_compass": 729,
        "light_gray_dye": 730,
        "honey_bottle": 731,
        "piglin_banner_pattern": 732,
        "mojang_banner_pattern": 733,
        "field_masoned_banner_pattern": 734,
        "creeper_banner_pattern": 735,
        "brown_dye": 736,
        "panda_spawn_egg": 738,
        "crimson_sign": 739,
        "scute": 740,
        "totem_of_undying": 741,
        "cooked_mutton": 424,
        "mutton": 423,
        "music_disc_11": 510,
        "music_disc_ward": 509,
        "bordure_indented_banner_pattern": 746,
        "music_disc_strad": 508,
        "music_disc_mellohi": 506,
        "music_disc_far": 504,
        "music_disc_cat": 501,
        "diamond_horse_armor": 419,
        "music_disc_chirp": 503,
        "carrot_on_a_stick": 398,
        "iron_horse_armor": 417,
        "warped_sign": 755,
        "music_disc_stal": 507,
        "suspicious_stew": 757,
        "light_blue_dye": 758,
        "leather_horse_armor": 416,
        "green_dye": 760,
        "firework_star": 402,
        "sugar_cane": 338,
        "nether_star": 399,
        "netherite_helmet": 764,
        "empty_map": 395,
        "fire_charge": 385,
        "zoglin_spawn_egg": 767,
        "bee_spawn_egg": 768,
        "ravager_spawn_egg": 769,
        "pillager_spawn_egg": 770,
        "cat_spawn_egg": 771,
        "enderman_spawn_egg": 772,
        "agent_spawn_egg": 773,
        "phantom_spawn_egg": 774,
        "turtle_spawn_egg": 775,
        "dolphin_spawn_egg": 776,
        "drowned_spawn_egg": 777,
        "pufferfish_spawn_egg": 778,
        "cod_spawn_egg": 779,
        "polar_bear_spawn_egg": 780,
        "shulker_spawn_egg": 781,
        "donkey_spawn_egg": 782,
        "cow_spawn_egg": 783,
        "yellow_dye": 784,
        "wither_skeleton_spawn_egg": 785,
        "husk_spawn_egg": 786,
        "stray_spawn_egg": 787,
        "fox_spawn_egg": 788,
        "salmon_spawn_egg": 789,
        "guardian_spawn_egg": 790,
        "endermite_spawn_egg": 791,
        "cave_spider_spawn_egg": 792,
        "blaze_spawn_egg": 793,
        "ghast_spawn_egg": 794,
        "witch_spawn_egg": 795,
        "ocelot_spawn_egg": 796,
        "zombie_pigman_spawn_egg": 797,
        "squid_spawn_egg": 798,
        "hoglin_spawn_egg": 799,
        "bat_spawn_egg": 800,
        "zombie_spawn_egg": 801,
        "dark_oak_sign": 476,
        "skeleton_spawn_egg": 803,
        "netherite_pickaxe": 804,
        "skull_banner_pattern": 805,
        "parrot_spawn_egg": 806,
        "mooshroom_spawn_egg": 807,
        "wandering_trader_spawn_egg": 808,
        "cod": 809,
        "wolf_spawn_egg": 810,
        "sheep_spawn_egg": 811,
        "mule_spawn_egg": 812,
        "netherite_boots": 813,
        "chicken_spawn_egg": 814,
        "tropical_fish": 815,
        "glistering_melon_slice": 382,
        "melon_slice": 360,
        "music_disc_wait": 511,
        "blue_dye": 819,
        "filled_map": 358,
        "lapis_lazuli": 821,
        "ink_sac": 822,
        "white_dye": 823,
        "orange_dye": 824,
        "magenta_dye": 825,
        "gray_dye": 826,
        "cyan_dye": 827,
        "purple_dye": 828,
        "red_dye": 829,
        "music_disc_13": 500,
        "black_dye": 831,
        "tropical_fish_spawn_egg": 832,
        "villager_spawn_egg": 833,
        "netherite_chestplate": 834,
        "netherite_axe": 835,
        "firework_rocket": 836,
        "pink_dye": 837,
        "cod_bucket": 838,
        "pig_spawn_egg": 839,
        "magma_cube_spawn_egg": 840,
        "dark_oak_boat": 841,
        "acacia_boat": 842,
        "lava_bucket": 843,
        "spruce_boat": 844,
        "jungle_boat": 845,
        "tropical_fish_bucket": 846,
        "salmon_bucket": 847,
        "cocoa_beans": 848,
        "silverfish_spawn_egg": 849,
        "water_bucket": 850,
        "enchanted_golden_apple": 466,
        "creeper_spawn_egg": 852,
        "popped_chorus_fruit": 433,
        "zombie_horse_spawn_egg": 855,
        "golden_horse_armor": 418,
        "music_disc_pigstep": 857,
        "bone_meal": 858,
        "music_disc_mall": 505,
        "evoker_spawn_egg": 860,
        "piglin_brute_spawn_egg": 861,
        "rabbit_spawn_egg": 862,
        "llama_spawn_egg": 863,
        "elder_guardian_spawn_egg": 864,
        "oak_sign": 323,
        "charcoal": 866,
        "spider_spawn_egg": 867,
        "lime_dye": 868,
        "honeycomb": 869,
        "npc_spawn_egg": 870,
        "pufferfish_bucket": 871,
        "vex_spawn_egg": 872,
        "oak_boat": 873,
        "skeleton_horse_spawn_egg": 874,
        "birch_boat": 875,
        "milk_bucket": 876,
        "cooked_cod": 877,
        "horse_spawn_egg": 878,
        "slime_spawn_egg": 879,
        "netherite_hoe": 880,
        "zombie_villager_spawn_egg": 881,
        "strider_spawn_egg": 883,
        "piglin_spawn_egg": 884,
        "warped_fungus_on_a_stick": 885,
        "vindicator_spawn_egg": 886,
        "allow": -215,
        "ancient_debris": -216,
        "basalt": -217,
        "bee_nest": -218,
        "beehive": -219,
        "blackstone": -220,
        "blackstone_double_slab": -221,
        "blackstone_slab": -222,
        "blackstone_stairs": -223,
        "blackstone_wall": -224,
        "border_block": -225,
        "camera": -226,
        "chain": -227,
        "chiseled_nether_bricks": -228,
        "chiseled_polished_blackstone": -229,
        "cracked_nether_bricks": -230,
        "cracked_polished_blackstone_bricks": -231,
        "crimson_button": -232,
        "crimson_door": -233,
        "crimson_double_slab": -234,
        "crimson_fence": -235,
        "crimson_fence_gate": -236,
        "crimson_fungus": -237,
        "crimson_hyphae": -238,
        "crimson_nylium": -239,
        "crimson_planks": -240,
        "crimson_pressure_plate": -241,
        "crimson_roots": -242,
        "crimson_slab": -243,
        "crimson_stairs": -244,
        "crimson_standing_sign": -245,
        "crimson_stem": -246,
        "crimson_trapdoor": -247,
        "crimson_wall_sign": -248,
        "crying_obsidian": -249,
        "deny": -250,
        "gilded_blackstone": -251,
        "honey_block": -252,
        "honeycomb_block": -253,
        "light_block": -254,
        "lodestone": -255,
        "nether_gold_ore": -256,
        "nether_sprouts": -257,
        "netherite_block": -258,
        "polished_basalt": -259,
        "polished_blackstone": -260,
        "polished_blackstone_brick_double_slab": -261,
        "polished_blackstone_brick_slab": -262,
        "polished_blackstone_brick_stairs": -263,
        "polished_blackstone_brick_wall": -264,
        "polished_blackstone_bricks": -265,
        "polished_blackstone_button": -266,
        "polished_blackstone_double_slab": -267,
        "polished_blackstone_pressure_plate": -268,
        "polished_blackstone_slab": -269,
        "polished_blackstone_stairs": -270,
        "polished_blackstone_wall": -271,
        "quartz_bricks": -272,
        "respawn_anchor": -273,
        "shroomlight": -274,
        "soul_campfire": -275,
        "soul_fire": -276,
        "soul_lantern": -277,
        "soul_soil": -278,
        "soul_torch": -279,
        "stickypistonarmcollision": -280,
        "stripped_crimson_hyphae": -281,
        "stripped_crimson_stem": -282,
        "stripped_warped_hyphae": -283,
        "stripped_warped_stem": -284,
        "structure_void": -285,
        "target": -286,
        "twisting_vines": -287,
        "unknown": -288,
        "warped_button": -289,
        "warped_door": -290,
        "warped_double_slab": -291,
        "warped_fence": -292,
        "warped_fence_gate": -293,
        "warped_fungus": -294,
        "warped_hyphae": -295,
        "warped_nylium": -296,
        "warped_planks": -297,
        "warped_pressure_plate": -298,
        "warped_roots": -299,
        "warped_slab": -300,
        "warped_stairs": -301,
        "warped_standing_sign": -302,
        "warped_stem": -303,
        "warped_trapdoor": -304,
        "warped_wall_sign": -305,
        "warped_wart_block": -306,
        "weeping_vines": -307,
        "wither_rose": -308
    }
}