{
  "armor_type": {
    "helmet": 0,
    "chestplate": 1,
    "leggings": 2,
    "boots": 3
  },
  "block_render_layer": {
    "double_side": 0,
    "blend": 1,
    "opaque": 2,
    "alpha": 3,
    "alpha_test": 4,
    "opaque_seasons": 5,
    "alpha_seasons": 6,
    "alpha_single_side": 7,
    "end_portal": 8,
    "barrier": 9,
    "structure_void": 10
  },
  "block_side": {
    "down": 0,
    "up": 1,
    "north": 2,
    "south": 3,
    "west": 4,
    "east": 5
  },
  "block_states": {
    "height": 0,
    "covered_bit": 1,
    "torch_facing_direction": 2,
    "open_bit": 3,
    "direction": 4,
    "upside_down_bit": 5,
    "attached_bit": 6,
    "suspended_bit": 7,
    "powered_bit": 8,
    "disarmed_bit": 9,
    "cracked_state": 10,
    "turtle_egg_count": 11,
    "twisting_vines_age": 12,
    "top_slot_bit": 13,
    "portal_axis": 14,
    "facing_direction": 15,
    "rail_direction": 16,
    "standing_rotation": 17,
    "weirdo_direction": 18,
    "coral_direction": 19,
    "lever_direction": 20,
    "pillar_axis": 21,
    "vine_direction_bits": 22,
    "age_bit": 23,
    "age": 24,
    "bite_counter": 25,
    "brewing_stand_slot_a_bit": 26,
    "brewing_stand_slot_b_bit": 27,
    "brewing_stand_slot_c_bit": 28,
    "button_pressed_bit": 29,
    "conditional_bit": 30,
    "damage": 31,
    "door_hinge_bit": 32,
    "upper_block_bit": 33,
    "end_portal_eye_bit": 34,
    "explode_bit": 35,
    "fill_level": 36,
    "growth": 37,
    "head_piece_bit": 38,
    "infiniburn_bit": 39,
    "in_wall_bit": 40,
    "liquid_depth": 41,
    "moisturized_amount": 42,
    "no_drop_bit": 43,
    "kelp_age": 44,
    "occupied_bit": 45,
    "output_subtract_bit": 46,
    "output_lit_bit": 47,
    "persistent_bit": 48,
    "rail_data_bit": 49,
    "redstone_signal": 50,
    "repeater_delay": 51,
    "toggle_bit": 52,
    "triggered_bit": 53,
    "update_bit": 54,
    "allow_underwater_bit": 55,
    "color_bit": 56,
    "dead_bit": 57,
    "cluster_count": 58,
    "item_frame_map_bit": 59,
    "sapling_type": 60,
    "drag_down": 61,
    "color": 62,
    "bamboo_thickness": 63,
    "bamboo_leaf_size": 64,
    "stability": 65,
    "stability_check_bit": 66,
    "wood_type": 67,
    "stone_type": 68,
    "dirt_type": 69,
    "sand_type": 70,
    "old_log_type": 71,
    "new_log_type": 72,
    "chisel_type": 73,
    "deprecated": 74,
    "old_leaf_type": 75,
    "new_leaf_type": 76,
    "sponge_type": 77,
    "sand_stone_type": 78,
    "tall_grass_type": 79,
    "flower_type": 80,
    "stone_slab_type": 81,
    "stone_slab_type2": 82,
    "stone_slab_type3": 83,
    "stone_slab_type4": 84,
    "monster_egg_stone_type": 85,
    "stone_brick_type": 86,
    "huge_mushroom_bits": 87,
    "wall_block_type": 88,
    "prismarine_block_type": 89,
    "double_plant_type": 90,
    "chemistry_table_type": 91,
    "sea_grass_type": 92,
    "coral_color": 93,
    "cauldron_liquid": 94,
    "hanging_bit": 95,
    "stripped_bit": 96,
    "coral_hang_type_bit": 97,
    "attachment": 98,
    "structure_void_type": 99,
    "structure_block_type": 100,
    "extinguished": 101,
    "composter_fill_level": 102,
    "coral_fan_direction": 103,
    "block_light_level": 104,
    "beehive_honey_level": 105,
    "weeping_vines_age": 106,
    "wall_post_bit": 107,
    "wall_connection_type_north": 108,
    "wall_connection_type_east": 109,
    "wall_connection_type_south": 110,
    "wall_connection_type_west": 111,
    "rotation": 112,
    "respawn_anchor_charge": 113
  },
  "color": {
    "begin": "\u0432\u00a7",
    "black": "\u0432\u00a70",
    "dark_blue": "\u0432\u00a71",
    "dark_green": "\u0432\u00a72",
    "dark_aqua": "\u0432\u00a73",
    "dark_red": "\u0432\u00a74",
    "dark_purple": "\u0432\u00a75",
    "gold": "\u0432\u00a76",
    "gray": "\u0432\u00a77",
    "dark_gray": "\u0432\u00a78",
    "blue": "\u0432\u00a79",
    "green": "\u0432\u00a7a",
    "aqua": "\u0432\u00a7b",
    "red": "\u0432\u00a7c",
    "light_purple": "\u0432\u00a7d",
    "yellow": "\u0432\u00a7e",
    "white": "\u0432\u00a7f",
    "obfuscated": "\u0432\u00a7k",
    "bold": "\u0432\u00a7l",
    "strikethrough": "\u0432\u00a7m",
    "underline": "\u0432\u00a7n",
    "italic": "\u0432\u00a7o",
    "reset": "\u0432\u00a7r"
  },
  "dimension": {
    "normal": 0,
    "overworld": 0,
    "nether": 1,
    "end": 2
  },
  "enchant_type": {
    "helmet": 1,
    "leggings": 2,
    "boots": 4,
    "chestplate": 8,
    "weapon": 16,
    "bow": 32,
    "hoe": 64,
    "shears": 128,
    "flint_and_steel": 256,
    "axe": 512,
    "pickaxe": 1024,
    "shovel": 2048,
    "fishing_rod": 4096,
    "all": 16383,
    "book": 16383
  },
  "enchantment": {
    "protection": 0,
    "fire_protection": 1,
    "feather_falling": 2,
    "blast_protection": 3,
    "projectile_protection": 4,
    "thorns": 5,
    "respiration": 6,
    "aqua_affinity": 7,
    "depth_strider": 8,
    "sharpness": 9,
    "smite": 10,
    "bane_of_arthropods": 11,
    "knockback": 12,
    "fire_aspect": 13,
    "looting": 14,
    "efficiency": 15,
    "silk_touch": 16,
    "unbreaking": 17,
    "fortune": 18,
    "power": 19,
    "punch": 20,
    "flame": 21,
    "infinity": 22,
    "luck_of_the_sea": 23,
    "lure": 24,
    "frost_walker": 25,
    "mending": 26,
    "binding_curse": 27,
    "vanishing_curse": 28,
    "impaling": 29,
    "riptide": 30,
    "loyalty": 31,
    "channeling": 32
  },
  "entity_type": {
    "player": 1,
    "chicken": 10,
    "cow": 11,
    "pig": 12,
    "sheep": 13,
    "wolf": 14,
    "villager": 15,
    "mushroom_cow": 16,
    "squid": 17,
    "rabbit": 18,
    "bat": 19,
    "iron_golem": 20,
    "snow_golem": 21,
    "ocelot": 22,
    "horse": 23,
    "donkey": 24,
    "mule": 25,
    "skeleton_horse": 26,
    "zombie_horse": 27,
    "polar_bear": 28,
    "llama": 29,
    "parrot": 30,
    "dolphin": 31,
    "zombie": 32,
    "creeper": 33,
    "skeleton": 34,
    "spider": 35,
    "pig_zombie": 36,
    "slime": 37,
    "enderman": 38,
    "silverfish": 39,
    "cave_spider": 40,
    "ghast": 41,
    "lava_slime": 42,
    "blaze": 43,
    "zombie_villager": 44,
    "whitch": 45,
    "witch": 45,
    "stray": 46,
    "husk": 47,
    "whither_skeleton": 48,
    "wither_skeleton": 48,
    "guardian": 49,
    "ender_guardian": 50,
    "elder_guardian": 50,
    "whither": 52,
    "wither": 52,
    "ender_dragon": 53,
    "shulker": 54,
    "endermite": 55,
    "vindicator": 57,
    "phantom": 58,
    "ravager": 59,
    "armor_stand": 61,
    "item": 64,
    "primed_tnt": 65,
    "falling_block": 66,
    "moving_block": 67,
    "experience_potion": 68,
    "experience_orb": 69,
    "eye_of_ender_signal": 70,
    "ender_crystal": 71,
    "fireworks_rocket": 72,
    "thrown_trident": 73,
    "turtle": 74,
    "cat": 75,
    "shulker_bullet": 76,
    "fishing_hook": 77,
    "dragon_fireboll": 79,
    "dragon_fireball": 79,
    "arrow": 80,
    "snowball": 81,
    "egg": 82,
    "painting": 83,
    "minecart": 84,
    "fireball": 85,
    "thrown_potion": 86,
    "ender_pearl": 87,
    "leash_knot": 88,
    "whither_skull": 89,
    "wither_skull": 89,
    "boat": 90,
    "whither_skull_dangerous": 91,
    "wither_skull_dangerous": 91,
    "lightning_bolt": 93,
    "small_fireball": 94,
    "area_effect_cloud": 95,
    "hopper_minecart": 96,
    "tnt_command": 97,
    "chest_minecart": 98,
    "command_block_minecart": 100,
    "lingering_potion": 101,
    "llama_split": 102,
    "evocation_fang": 103,
    "evocation_illager": 104,
    "vex": 105,
    "pufferfish": 108,
    "salmon": 109,
    "drowned": 110,
    "tropicalfish": 111,
    "cod": 112,
    "panda": 113,
    "pillager": 114,
    "villager_v2": 115,
    "zombie_village_v2": 116,
    "shield": 117,
    "wandering_trader": 118,
    "ender_guardian_ghost": 120,
    "elder_guardian_ghost": 120
  },
  "game_difficulty": {
    "peaceful": 0,
    "easy": 1,
    "normal": 2,
    "hard": 3
  },
  "game_mode": {
    "survival": 0,
    "creative": 1,
    "adventure": 2,
    "spectator": 3
  },
  "item_animation": {
    "normal": 0,
    "none": 0,
    "eat": 1,
    "drink": 2,
    "block": 3,
    "bow": 4,
    "camera": 5,
    "spear": 6,
    "crossbow": 9
  },
  "item_category": {
    "internal": 5,
    "command_only": 5,
    "material": 4,
    "items": 4,
    "food": 4,
    "decoration": 2,
    "nature": 2,
    "construction": 1,
    "tool": 3,
    "equipment": 3
  },
  "mob_render_type": {
    "tnt": 2,
    "human": 3,
    "item": 4,
    "chicken": 5,
    "cow": 6,
    "mushroom_cow": 7,
    "pig": 8,
    "sheep": 9,
    "bat": 10,
    "wolf": 11,
    "villager": 12,
    "zombie": 14,
    "zombie_pigman": 15,
    "lava_slime": 16,
    "ghast": 17,
    "blaze": 18,
    "skeleton": 19,
    "spider": 20,
    "silverfish": 21,
    "creeper": 22,
    "slime": 23,
    "enderman": 24,
    "arrow": 25,
    "fish_hook": 26,
    "player": 27,
    "egg": 28,
    "snowball": 29,
    "unknown_item": 30,
    "thrown_potion": 31,
    "painting": 32,
    "falling_tile": 33,
    "minecart": 34,
    "boat": 35,
    "squid": 36,
    "fireball": 37,
    "small_fireball": 38,
    "villager_zombie": 39,
    "experience_orb": 40,
    "lightning_bolt": 41,
    "iron_golem": 42,
    "ocelot": 43,
    "snow_golem": 44,
    "exp_potion": 45,
    "rabbit": 46,
    "witch": 47,
    "camera": 48,
    "map": 50
  },
  "nbt_data_type": {
    "type_end_tag": 0,
    "type_byte": 1,
    "type_short": 2,
    "type_int": 3,
    "type_int64": 4,
    "type_float": 5,
    "type_double": 6,
    "type_byte_array": 7,
    "type_string": 8,
    "type_list": 9,
    "type_compound": 10,
    "type_int_array": 11
  },
  "particle_type": {
    "bubble": 1,
    "crit": 2,
    "cloud": 4,
    "smoke": 4,
    "largeexplode": 5,
    "flame": 7,
    "lava": 8,
    "smoke2": 9,
    "redstone": 10,
    "item_break": 12,
    "snowballpoof": 13,
    "hugeexplosion": 14,
    "hugeexplosion_seed": 15,
    "mob_flame": 16,
    "terrain": 16,
    "heart": 17,
    "suspended_town": 19,
    "portal": 20,
    "rain_splash": 21,
    "splash": 22,
    "drip_water": 23,
    "drip_lava": 24,
    "ink": 25,
    "falling_dust": 26,
    "spell3": 27,
    "spell2": 28,
    "spell": 29,
    "slime": 30,
    "water_wake": 31,
    "angry_villager": 32,
    "happy_villager": 33,
    "enchantmenttable": 34,
    "note": 36
  },
  "player_ability": {
    "attack_mobs": "attackmobs",
    "attack_players": "attackplayers",
    "build": "build",
    "doors_and_switches": "doorsandswitches",
    "flyspeed": "fly_speed",
    "flying": "flying",
    "instabuild": "instabuild",
    "invulnerable": "invulnerable",
    "lightning": "lightning",
    "mayfly": "mayfly",
    "mine": "mine",
    "muted": "mute",
    "noclip": "noclip",
    "operator_commands": "op",
    "open_containers": "opencontainers",
    "teleport": "teleport",
    "walkspeed": "walk_speed",
    "worldbuilder": "worldbuilder"
  },
  "potion_effect": {
    "movement_speed": 1,
    "movement_slowdown": 2,
    "dig_speed": 3,
    "dig_slowdown": 4,
    "damage_boost": 5,
    "heal": 6,
    "harm": 7,
    "jump": 8,
    "confusion": 9,
    "regeneration": 10,
    "damage_resistance": 11,
    "fire_resistance": 12,
    "water_breathing": 13,
    "invisibility": 14,
    "blindness": 15,
    "night_vision": 16,
    "hunger": 17,
    "weakness": 18,
    "poison": 19,
    "wither": 20,
    "health_boost": 21,
    "absorption": 22,
    "saturation": 23,
    "levitation": 24,
    "fatal_poison": 25,
    "conduit_power": 26,
    "slow_falling": 27,
    "bad_omen": 28,
    "village_hero": 29
  },
  "tile_entity_type": {
    "none": -1,
    "chest": 0,
    "furnace": 1,
    "hopper": 2,
    "nether_reactor": 3,
    "sign": 4,
    "mob_spawner": 5,
    "skull": 6,
    "flower_pot": 7,
    "brewing_stand": 8,
    "enchanting_table": 9,
    "daylight_detector": 10,
    "music_block": 11,
    "comparator": 12,
    "dispenser": 13,
    "dropper": 14,
    "hopper2": 15,
    "cauldron": 16,
    "item_frame": 17,
    "piston": 18,
    "chalkboard": 20,
    "beacon": 21,
    "end_portal": 22,
    "end_gateway": 24,
    "command_block": 26,
    "bed": 27,
    "structure_block": 32,
    "jukebox": 33,
    "chemistry_table": 34,
    "conduit_block": 35,
    "jigsaw": 36,
    "lectern": 37,
    "blast_furnace": 38,
    "smoker": 39,
    "bell": 40,
    "campfire": 41,
    "barrel": 42,
    "beehive": 43,
    "lodestone": 44
  }
}