{
  "system.experimental_workbench_warning": {
    "en": "This version uses experimental vanilla workbench support.\n\nTo turn it off, go to Inner Core preferences & links - gameplay - enable use legacy workbench.",
    "ru": "Эта версия использует экспериментальную поддержку ванильного верстака.\n\nЧтобы отключить ее, зайдите в настройки Inner Core - геймплей - включите использование старого верстака."
  },
  "system.thread_stopped": {
    "en": "All mods are stopped because of\nfatal error on main thread.\nPlease re-enter the world.",
    "ru": "Работа модов приостановлена из-за ошибки,\nперезайдите в мир."
  }
}