{
  "developer_mode": true,
  "disable_loading_screen": false,
  "create_debug_dump": false,

  "performance": {
    "time_based_limit": false,
    "max_update_count": 128,
    "max_update_time": 40
  },

  "threading": {
    "advanced": false,
    "priority_simple":5,
    "priority_low":1,
    "priority_high":40,
    "threshold_fps":45,
    "additional_thread_count": 0,
    "additional_thread_priority": 12
  },

  "background": {
    "auto_save": true,
    "auto_save_period": 40
  },

  "network": {
    "remote_native_protocol_prioritized": false,
    "local_native_protocol_forced": false,
    "enable_socket_server": true
  },

  "gameplay": {
    "use_legacy_workbench_override": false
  }
}