{"1:0":{"tex":["stone",0]},"1:1":{"tex":["stone",1]},"1:2":{"tex":["stone",2]},"1:3":{"tex":["stone",3]},"1:4":{"tex":["stone",4]},"1:5":{"tex":["stone",5]},"1:6":{"tex":["stone",6]},"2":{"tex":["grass_carried_top","grass_carried_side","dirt"]},"3":{"tex":"dirt"},"4":{"tex":"cobblestone"},"5:0":{"tex":["planks",0]},"5:1":{"tex":["planks",1]},"5:2":{"tex":["planks",2]},"5:3":{"tex":["planks",3]},"5:4":{"tex":["planks",4]},"5:5":{"tex":["planks",5]},"6:0":{"sprite":["sapling",0]},"6:1":{"sprite":["sapling",1]},"6:2":{"sprite":["sapling",2]},"6:3":{"sprite":["sapling",3]},"6:4":{"sprite":["sapling",4]},"6:5":{"sprite":["sapling",5]},"7":{"tex":"bedrock"},"12:0":{"tex":["sand",0]},"12:1":{"tex":["sand",1]},"13":{"tex":"gravel"},"14":{"tex":"gold_ore"},"15":{"tex":"iron_ore"},"16":{"tex":"coal_ore"},"17:0":{"tex":[["log_top",0],["log_side",0],["log_top",0]]},"17:1":{"tex":[["log_top",1],["log_side",1],["log_top",1]]},"17:2":{"tex":[["log_top",2],["log_side",2],["log_top",2]]},"17:3":{"tex":[["log_top",3],["log_side",3],["log_top",3]]},"18:0":{"tex":["leaves_ui",0]},"18:1":{"tex":["leaves_ui",1]},"18:2":{"tex":["leaves_ui",2]},"18:3":{"tex":["leaves_ui",3]},"19:0":{"tex":["sponge",0]},"19:1":{"tex":["sponge",1]},"20":{"tex":"glass"},"21":{"tex":"lapis_ore"},"22":{"tex":"lapis_block"},"23":{"tex":["dispenser_top","dispenser_top","dispenser_side","dispenser_front_horizontal","dispenser_side","dispenser_side"]},"24:0":{"tex":["sandstone_top",["sandstone_side",0],"sandstone_bottom"]},"24:1":{"tex":["sandstone_top",["sandstone_side",1],"sandstone_bottom"]},"24:2":{"tex":["sandstone_top",["sandstone_side",2],"sandstone_bottom"]},"25":{"tex":"noteblock"},"27":{"sprite":"rail_golden"},"28":{"sprite":"rail_detector"},"29":{"tex":[["piston_top_sticky",0],["piston_side",0],["piston_bottom",0]]},"30":{"sprite":"web"},"31:1":{"sprite":["tallgrass_carried",0]},"31:2":{"sprite":["tallgrass_carried",2]},"32":{"sprite":"deadbush"},"33":{"tex":[["piston_top_normal",0],["piston_side",0],["piston_bottom",0]]},"35:0":{"tex":["wool",0]},"35:1":{"tex":["wool",1]},"35:2":{"tex":["wool",2]},"35:3":{"tex":["wool",3]},"35:4":{"tex":["wool",4]},"35:5":{"tex":["wool",5]},"35:6":{"tex":["wool",6]},"35:7":{"tex":["wool",7]},"35:8":{"tex":["wool",8]},"35:9":{"tex":["wool",9]},"35:10":{"tex":["wool",10]},"35:11":{"tex":["wool",11]},"35:12":{"tex":["wool",12]},"35:13":{"tex":["wool",13]},"35:14":{"tex":["wool",14]},"35:15":{"tex":["wool",15]},"37":{"sprite":"yellow_flower"},"38:0":{"sprite":["red_flower",0]},"38:1":{"sprite":["red_flower",1]},"38:2":{"sprite":["red_flower",2]},"38:3":{"sprite":["red_flower",3]},"38:4":{"sprite":["red_flower",4]},"38:5":{"sprite":["red_flower",5]},"38:6":{"sprite":["red_flower",6]},"38:7":{"sprite":["red_flower",7]},"38:8":{"sprite":["red_flower",8]},"39":{"sprite":"mushroom_brown"},"40":{"sprite":"mushroom_red"},"41":{"tex":"gold_block"},"42":{"tex":"iron_block"},"44:0":{"shape":[0,0,0,1,0.5,1],"tex":[["stone_slab_top",0],["stone_slab_side",0],["stone_slab_top",0]]},"44:1":{"shape":[0,0,0,1,0.5,1],"tex":[["stone_slab_top",1],["stone_slab_side",1],["stone_slab_top",1]]},"44:3":{"shape":[0,0,0,1,0.5,1],"tex":"cobblestone"},"44:4":{"shape":[0,0,0,1,0.5,1],"tex":"brick"},"44:5":{"shape":[0,0,0,1,0.5,1],"tex":["stonebrick",0]},"44:6":{"shape":[0,0,0,1,0.5,1],"tex":"quartz_block_bottom"},"44:7":{"shape":[0,0,0,1,0.5,1],"tex":"nether_brick"},"45":{"tex":"brick"},"46":{"tex":["tnt_top","tnt_side","tnt_bottom"]},"47":{"tex":["bookshelf_top","bookshelf","bookshelf_top"]},"48":{"tex":"cobblestone_mossy"},"49":{"tex":"obsidian"},"50":{"sprite":"torch_on"},"52":{"tex":"mob_spawner"},"53":[{"shape":[0,0,0,1,0.5,1],"tex":["planks",0]},{"shape":[0,0.5,0.5,1,1,1],"tex":["planks",0]}],"54":{"tex":["chest_inventory_top","chest_inventory_top","chest_inventory_side","chest_inventory_front","chest_inventory_side","chest_inventory_side"]},"56":{"tex":"diamond_ore"},"57":{"tex":"diamond_block"},"58":{"tex":["crafting_table_bottom","crafting_table_top","crafting_table_front","crafting_table_front","crafting_table_side","crafting_table_side"]},"61":{"tex":["furnace_top","furnace_top","furnace_side","furnace_front","furnace_side","furnace_side"]},"65":{"sprite":"ladder"},"66":{"sprite":"rail_normal"},"67":{"render":10,"tex":"cobblestone"},"69":{"sprite":"lever"},"70":{"shape":[0.0625,0,0.0625,0.9375,0.0625,0.9375],"tex":["stone",0]},"72":{"shape":[0.0625,0,0.0625,0.9375,0.0625,0.9375],"tex":["planks",0]},"73":{"tex":"redstone_ore"},"76":{"sprite":"redstone_torch_on"},"77":{"shape":[0.3125,0.375,0.4375,0.6875,0.625,0.5625],"tex":["stone",0]},"78":{"shape":[0,0,0,1,0.0625,1],"tex":"snow"},"79":{"tex":"ice"},"80":{"tex":"snow"},"81":{"shape":[0.0625,0,0.0625,0.9375,1,0.9375],"tex":["cactus_top","cactus_side","cactus_bottom"]},"82":{"tex":"clay"},"84":{"tex":["jukebox_top","jukebox_side","jukebox_side"]},"85:0":{"render":11,"tex":["planks",0]},"85:1":{"render":11,"tex":["planks",1]},"85:2":{"render":11,"tex":["planks",2]},"85:3":{"render":11,"tex":["planks",3]},"85:4":{"render":11,"tex":["planks",4]},"85:5":{"render":11,"tex":["planks",5]},"86":{"tex":["pumpkin_top","pumpkin_side","pumpkin_top"]},"87":{"tex":"netherrack"},"88":{"tex":"soul_sand"},"89":{"tex":"glowstone"},"91":{"tex":["pumpkin_top","pumpkin_top","pumpkin_side",["pumpkin_face",1],"pumpkin_side","pumpkin_side"]},"96":{"shape":[0,0,0,1,0.1875,1],"tex":"trapdoor"},"98:0":{"tex":["stonebrick",0]},"98:1":{"tex":["stonebrick",1]},"98:2":{"tex":["stonebrick",2]},"98:3":{"tex":["stonebrick",3]},"101":{"sprite":"iron_bars"},"102":{"sprite":"glass"},"103":{"tex":["melon_top","melon_side","melon_top"]},"106":{"sprite":"vine_carried"},"107":{"render":21,"tex":["planks",0]},"108":{"render":10,"tex":"brick"},"109":{"render":10,"tex":"stonebrick"},"110":{"tex":["mycelium_top","mycelium_side","dirt"]},"111":{"sprite":"waterlily_carried"},"112":{"tex":"nether_brick"},"113":{"render":11,"tex":"nether_brick"},"114":{"render":10,"tex":"nether_brick"},"116":{"shape":[0,0,0,1,0.75,1],"tex":["enchanting_table_top","enchanting_table_side","enchanting_table_bottom"]},"120":{"shape":[0,0,0,1,0.8125,1],"tex":["endframe_top","endframe_side","endframe_bottom"]},"121":{"tex":"end_stone"},"122":{"render":44,"tex":"dragon_egg"},"123":{"tex":"redstone_lamp_off"},"125":{"tex":["dropper_top","dropper_top","dropper_side","dropper_front_horizontal","dropper_side","dropper_side"]},"126":{"sprite":"rail_detector"},"128":{"render":10,"tex":["sandstone_top",["sandstone_side",0],"sandstone_bottom"]},"129":{"tex":"emerald_ore"},"130":{"tex":["ender_chest_inventory_top","ender_chest_inventory_top","ender_chest_inventory_side","ender_chest_inventory_front","ender_chest_inventory_side","ender_chest_inventory_side"]},"131":{"sprite":"trip_wire_source"},"133":{"tex":"emerald_block"},"134":{"render":10,"tex":["planks",1]},"135":{"render":10,"tex":["planks",2]},"136":{"render":10,"tex":["planks",3]},"138":[{"shape":[0.125,0,0.125,0.875,0.1875,0.875],"tex":"obsidian"},{"shape":[0.1875,0.1875,0.1875,0.8125,0.875,0.8125],"tex":"beacon"},{"tex":"glass"}],"139:0":{"render":32,"tex":["cobblestone_wall",0]},"139:1":{"render":32,"tex":["cobblestone_wall",1]},"139:2":{"render":32,"tex":["cobblestone_wall",2]},"139:3":{"render":32,"tex":["cobblestone_wall",3]},"139:4":{"render":32,"tex":["cobblestone_wall",4]},"139:5":{"render":32,"tex":["cobblestone_wall",5]},"139:6":{"render":32,"tex":["cobblestone_wall",6]},"139:7":{"render":32,"tex":["cobblestone_wall",7]},"139:8":{"render":32,"tex":["cobblestone_wall",8]},"139:9":{"render":32,"tex":["cobblestone_wall",9]},"139:10":{"render":32,"tex":["cobblestone_wall",10]},"139:11":{"render":32,"tex":["cobblestone_wall",11]},"139:12":{"render":32,"tex":["cobblestone_wall",12]},"139:13":{"render":32,"tex":["cobblestone_wall",13]},"143":{"shape":[0.3125,0.375,0.4375,0.6875,0.625,0.5625],"tex":["planks",0]},"145":[{"shape":[0.125,0,0.125,0.875,0.25,0.875],"tex":"anvil_base"},{"shape":[0.25,0.25,0.1875,0.75,0.3125,0.8125],"tex":"anvil_base"},{"shape":[0.375,0.3125,0.25,0.625,0.625,0.75],"tex":"anvil_base"},{"shape":[0.1875,0.625,0,0.8125,1,1],"tex":"anvil_base"}],"146":{"tex":["chest_inventory_top","chest_inventory_top","chest_inventory_side","trapped_chest_inventory_front","chest_inventory_side","chest_inventory_side"]},"147":{"shape":[0.0625,0,0.0625,0.9375,0.0625,0.9375],"tex":["gold_block",0]},"148":{"shape":[0.0625,0,0.0625,0.9375,0.0625,0.9375],"tex":["iron_block",0]},"151":{"shape":[0,0,0,1,0.375,1],"tex":["daylight_detector_top","daylight_detector_side","daylight_detector_side"]},"152":{"tex":"redstone_block"},"153":{"tex":"quartz_ore"},"155:0":{"tex":[["quartz_block_top",0],["quartz_block_side",0],["quartz_block_bottom",0]]},"155:1":{"tex":[["quartz_block_top",1],["quartz_block_side",1],["quartz_block_bottom",1]]},"155:2":{"tex":[["quartz_block_top",2],["quartz_block_side",2],["quartz_block_bottom",2]]},"156":{"render":10,"tex":["stair_quartz_block_top","stair_quartz_block_side","stair_quartz_block_bottom"]},"158:0":{"shape":[0,0,0,1,0.5,1],"tex":["planks",0]},"158:1":{"shape":[0,0,0,1,0.5,1],"tex":["planks",1]},"158:2":{"shape":[0,0,0,1,0.5,1],"tex":["planks",2]},"158:3":{"shape":[0,0,0,1,0.5,1],"tex":["planks",3]},"158:4":{"shape":[0,0,0,1,0.5,1],"tex":["planks",4]},"158:5":{"shape":[0,0,0,1,0.5,1],"tex":["planks",5]},"159:0":{"tex":["stained_clay",0]},"159:1":{"tex":["stained_clay",1]},"159:2":{"tex":["stained_clay",2]},"159:3":{"tex":["stained_clay",3]},"159:4":{"tex":["stained_clay",4]},"159:5":{"tex":["stained_clay",5]},"159:6":{"tex":["stained_clay",6]},"159:7":{"tex":["stained_clay",7]},"159:8":{"tex":["stained_clay",8]},"159:9":{"tex":["stained_clay",9]},"159:10":{"tex":["stained_clay",10]},"159:11":{"tex":["stained_clay",11]},"159:12":{"tex":["stained_clay",12]},"159:13":{"tex":["stained_clay",13]},"159:14":{"tex":["stained_clay",14]},"159:15":{"tex":["stained_clay",15]},"160:0":{"sprite":["stained_glass",0]},"160:1":{"sprite":["stained_glass",1]},"160:2":{"sprite":["stained_glass",2]},"160:3":{"sprite":["stained_glass",3]},"160:4":{"sprite":["stained_glass",4]},"160:5":{"sprite":["stained_glass",5]},"160:6":{"sprite":["stained_glass",6]},"160:7":{"sprite":["stained_glass",7]},"160:8":{"sprite":["stained_glass",8]},"160:9":{"sprite":["stained_glass",9]},"160:10":{"sprite":["stained_glass",10]},"160:11":{"sprite":["stained_glass",11]},"160:12":{"sprite":["stained_glass",12]},"160:13":{"sprite":["stained_glass",13]},"160:14":{"sprite":["stained_glass",14]},"160:15":{"sprite":["stained_glass",15]},"161:0":{"tex":["leaves_ui",4]},"161:1":{"tex":["leaves_ui",5]},"162:0":{"tex":[["log2",1],["log2",0],["log2",0]]},"162:1":{"tex":[["log2",3],["log2",2],["log2",2]]},"163":{"render":10,"tex":["planks",4]},"164":{"render":10,"tex":["planks",5]},"165":[{"shape":[0.1875,0.1875,0.1875,0.8125,0.8125,0.8125],"tex":"slime_block"},{"tex":"slime_block"}],"167":{"shape":[0,0,0,1,0.1875,1],"tex":"iron_trapdoor"},"168:0":{"tex":["prismarine",0]},"168:1":{"tex":["prismarine",1]},"168:2":{"tex":["prismarine",2]},"169":{"tex":"sea_lantern"},"170":{"tex":["hayblock_top","hayblock_side","hayblock_side"]},"171:0":{"shape":[0,0,0,1,0.0625,1],"tex":["wool",0]},"171:1":{"shape":[0,0,0,1,0.0625,1],"tex":["wool",1]},"171:2":{"shape":[0,0,0,1,0.0625,1],"tex":["wool",2]},"171:3":{"shape":[0,0,0,1,0.0625,1],"tex":["wool",3]},"171:4":{"shape":[0,0,0,1,0.0625,1],"tex":["wool",4]},"171:5":{"shape":[0,0,0,1,0.0625,1],"tex":["wool",5]},"171:6":{"shape":[0,0,0,1,0.0625,1],"tex":["wool",6]},"171:7":{"shape":[0,0,0,1,0.0625,1],"tex":["wool",7]},"171:8":{"shape":[0,0,0,1,0.0625,1],"tex":["wool",8]},"171:9":{"shape":[0,0,0,1,0.0625,1],"tex":["wool",9]},"171:10":{"shape":[0,0,0,1,0.0625,1],"tex":["wool",10]},"171:11":{"shape":[0,0,0,1,0.0625,1],"tex":["wool",11]},"171:12":{"shape":[0,0,0,1,0.0625,1],"tex":["wool",12]},"171:13":{"shape":[0,0,0,1,0.0625,1],"tex":["wool",13]},"171:14":{"shape":[0,0,0,1,0.0625,1],"tex":["wool",14]},"171:15":{"shape":[0,0,0,1,0.0625,1],"tex":["wool",15]},"172":{"tex":"hardened_clay"},"173":{"tex":"coal_block"},"174":{"tex":"ice_packed"},"175:0":{"sprite":["double_plant_carried",0]},"175:1":{"sprite":["double_plant_carried",1]},"175:2":{"sprite":["double_plant_carried",2]},"175:3":{"sprite":["double_plant_carried",3]},"175:4":{"sprite":["double_plant_carried",4]},"175:5":{"sprite":["double_plant_carried",5]},"179:0":{"tex":["redsandstone_top",["redsandstone_side",0],"redsandstone_bottom"]},"179:1":{"tex":["redsandstone_top",["redsandstone_side",1],"redsandstone_bottom"]},"179:2":{"tex":["redsandstone_top",["redsandstone_side",2],"redsandstone_bottom"]},"180":{"render":10,"tex":["redsandstone_top",["redsandstone_side",0],"redsandstone_bottom"]},"182:0":{"shape":[0,0,0,1,0.5,1],"tex":[["stone_slab_top_2",0],["stone_slab_side_2",0],["stone_slab_bottom_2",0]]},"182:1":{"shape":[0,0,0,1,0.5,1],"tex":["purpur_block_top",0]},"182:2":{"shape":[0,0,0,1,0.5,1],"tex":["prismarine",0]},"182:3":{"shape":[0,0,0,1,0.5,1],"tex":["prismarine",1]},"182:4":{"shape":[0,0,0,1,0.5,1],"tex":["prismarine",2]},"182:5":{"shape":[0,0,0,1,0.5,1],"tex":"cobblestone_mossy"},"182:6":{"shape":[0,0,0,1,0.5,1],"tex":"sandstone_top"},"182:7":{"shape":[0,0,0,1,0.5,1],"tex":"red_nether_brick"},"183":{"render":21,"tex":["planks",1]},"184":{"render":21,"tex":["planks",2]},"185":{"render":21,"tex":["planks",3]},"186":{"render":21,"tex":["planks",4]},"187":{"render":21,"tex":["planks",5]},"200":[{"shape":[0.875,0.125,0.125,1,0.875,0.875],"tex":["chorus_flower",0]},{"shape":[0.125,0.125,0.875,0.875,0.875,1],"tex":["chorus_flower",0]},{"shape":[0.125,0,0.125,0.875,1,0.875],"tex":["chorus_flower",0]},{"shape":[0,0.125,0.125,0.125,0.875,0.875],"tex":["chorus_flower",0]},{"shape":[0.125,0.125,0,0.875,0.875,0.125],"tex":["chorus_flower",0]}],"201:0":{"tex":["purpur_block_top",0]},"201:2":{"tex":[["purpur_block_top",2],["purpur_block_side",2],["purpur_block_bottom",2]]},"203":{"render":10,"tex":["purpur_block_top",0]},"205":{"tex":"undyed_shulker_box_top"},"206":{"tex":"end_bricks"},"208":{"sprite":"end_rod_icon"},"213":{"tex":"magma"},"214":{"tex":"nether_wart_block"},"215":{"tex":"red_nether_brick"},"216":{"tex":["bone_block_top","bone_block_side","bone_block_top"]},"218:0":{"tex":["shulker_box_top",0]},"218:1":{"tex":["shulker_box_top",1]},"218:2":{"tex":["shulker_box_top",2]},"218:3":{"tex":["shulker_box_top",3]},"218:4":{"tex":["shulker_box_top",4]},"218:5":{"tex":["shulker_box_top",5]},"218:6":{"tex":["shulker_box_top",6]},"218:7":{"tex":["shulker_box_top",7]},"218:8":{"tex":["shulker_box_top",8]},"218:9":{"tex":["shulker_box_top",9]},"218:10":{"tex":["shulker_box_top",10]},"218:11":{"tex":["shulker_box_top",11]},"218:12":{"tex":["shulker_box_top",12]},"218:13":{"tex":["shulker_box_top",13]},"218:14":{"tex":["shulker_box_top",14]},"218:15":{"tex":["shulker_box_top",15]},"219":{"tex":"purple_glazed_terracotta"},"220":{"tex":"white_glazed_terracotta"},"221":{"tex":"orange_glazed_terracotta"},"222":{"tex":"magenta_glazed_terracotta"},"223":{"tex":"light_blue_glazed_terracotta"},"224":{"tex":"yellow_glazed_terracotta"},"225":{"tex":"lime_glazed_terracotta"},"226":{"tex":"pink_glazed_terracotta"},"227":{"tex":"gray_glazed_terracotta"},"228":{"tex":"silver_glazed_terracotta"},"229":{"tex":"cyan_glazed_terracotta"},"231":{"tex":"blue_glazed_terracotta"},"232":{"tex":"brown_glazed_terracotta"},"233":{"tex":"green_glazed_terracotta"},"234":{"tex":"red_glazed_terracotta"},"235":{"tex":"black_glazed_terracotta"},"236:0":{"tex":["concrete",0]},"236:1":{"tex":["concrete",1]},"236:2":{"tex":["concrete",2]},"236:3":{"tex":["concrete",3]},"236:4":{"tex":["concrete",4]},"236:5":{"tex":["concrete",5]},"236:6":{"tex":["concrete",6]},"236:7":{"tex":["concrete",7]},"236:8":{"tex":["concrete",8]},"236:9":{"tex":["concrete",9]},"236:10":{"tex":["concrete",10]},"236:11":{"tex":["concrete",11]},"236:12":{"tex":["concrete",12]},"236:13":{"tex":["concrete",13]},"236:14":{"tex":["concrete",14]},"236:15":{"tex":["concrete",15]},"237:0":{"tex":["concretePowder",0]},"237:1":{"tex":["concretePowder",1]},"237:2":{"tex":["concretePowder",2]},"237:3":{"tex":["concretePowder",3]},"237:4":{"tex":["concretePowder",4]},"237:5":{"tex":["concretePowder",5]},"237:6":{"tex":["concretePowder",6]},"237:7":{"tex":["concretePowder",7]},"237:8":{"tex":["concretePowder",8]},"237:9":{"tex":["concretePowder",9]},"237:10":{"tex":["concretePowder",10]},"237:11":{"tex":["concretePowder",11]},"237:12":{"tex":["concretePowder",12]},"237:13":{"tex":["concretePowder",13]},"237:14":{"tex":["concretePowder",14]},"237:15":{"tex":["concretePowder",15]},"240":[{"shape":[0.125,0.125,0.875,0.875,0.875,1],"tex":"chorus_plant"},{"shape":[0.875,0.125,0.125,1,0.875,0.875],"tex":"chorus_plant"},{"shape":[0.125,0,0.125,0.875,1,0.875],"tex":"chorus_plant"},{"shape":[0,0.125,0.125,0.125,0.875,0.875],"tex":"chorus_plant"},{"shape":[0.125,0.125,0,0.875,0.875,0.125],"tex":"chorus_plant"}],"241:0":{"tex":["stained_glass",0]},"241:1":{"tex":["stained_glass",1]},"241:2":{"tex":["stained_glass",2]},"241:3":{"tex":["stained_glass",3]},"241:4":{"tex":["stained_glass",4]},"241:5":{"tex":["stained_glass",5]},"241:6":{"tex":["stained_glass",6]},"241:7":{"tex":["stained_glass",7]},"241:8":{"tex":["stained_glass",8]},"241:9":{"tex":["stained_glass",9]},"241:10":{"tex":["stained_glass",10]},"241:11":{"tex":["stained_glass",11]},"241:12":{"tex":["stained_glass",12]},"241:13":{"tex":["stained_glass",13]},"241:14":{"tex":["stained_glass",14]},"241:15":{"tex":["stained_glass",15]},"243":{"tex":["dirt_podzol_top","dirt_podzol_side","dirt"]},"245":{"tex":["stonecutter_bottom","stonecutter_top","stonecutter_side","stonecutter_side","stonecutter_other_side","stonecutter_other_side"]},"251":{"tex":["observer_bottom","observer_top","observer_south","observer_north","observer_east","observer_west"]},"257":{"render":10,"tex":["prismarine",0]},"258":{"render":10,"tex":["prismarine",1]},"259":{"render":10,"tex":["prismarine",2]},"260":{"tex":["stripped_spruce_log_top","stripped_spruce_log_side","stripped_spruce_log_top"]},"261":{"tex":["stripped_birch_log_top","stripped_birch_log_side","stripped_birch_log_top"]},"262":{"tex":["stripped_jungle_log_top","stripped_jungle_log_side","stripped_jungle_log_top"]},"263":{"tex":["stripped_acacia_log_top","stripped_acacia_log_side","stripped_acacia_log_top"]},"264":{"tex":["stripped_dark_oak_log_top","stripped_dark_oak_log_side","stripped_dark_oak_log_top"]},"265":{"tex":["stripped_oak_log_top","stripped_oak_log_side","stripped_oak_log_top"]},"266":{"tex":"blue_ice"},"385":{"sprite":"seagrass_carried"},"386:0":{"sprite":["coral",0]},"386:1":{"sprite":["coral",1]},"386:2":{"sprite":["coral",2]},"386:3":{"sprite":["coral",3]},"386:4":{"sprite":["coral",4]},"387:0":{"tex":["coral_block",0]},"387:1":{"tex":["coral_block",1]},"387:2":{"tex":["coral_block",2]},"387:3":{"tex":["coral_block",3]},"387:4":{"tex":["coral_block",4]},"387:8":{"tex":["coral_block",5]},"387:9":{"tex":["coral_block",6]},"387:10":{"tex":["coral_block",7]},"387:11":{"tex":["coral_block",8]},"387:12":{"tex":["coral_block",9]},"388:0":{"sprite":["coral_fan",0]},"388:1":{"sprite":["coral_fan",1]},"388:2":{"sprite":["coral_fan",2]},"388:3":{"sprite":["coral_fan",3]},"388:4":{"sprite":["coral_fan",4]},"389:0":{"sprite":["coral_fan_dead",0]},"389:1":{"sprite":["coral_fan_dead",1]},"389:2":{"sprite":["coral_fan_dead",2]},"389:3":{"sprite":["coral_fan_dead",3]},"389:4":{"sprite":["coral_fan_dead",4]},"394":{"tex":["dried_kelp_block_top","dried_kelp_block_top","dried_kelp_block_side_a","dried_kelp_block_side_a","dried_kelp_block_side_b","dried_kelp_block_side_b"]},"395":{"shape":[0.3125,0.375,0.4375,0.6875,0.625,0.5625],"tex":["planks",4]},"396":{"shape":[0.3125,0.375,0.4375,0.6875,0.625,0.5625],"tex":["planks",2]},"397":{"shape":[0.3125,0.375,0.4375,0.6875,0.625,0.5625],"tex":["planks",5]},"398":{"shape":[0.3125,0.375,0.4375,0.6875,0.625,0.5625],"tex":["planks",3]},"399":{"shape":[0.3125,0.375,0.4375,0.6875,0.625,0.5625],"tex":["planks",1]},"400":{"shape":[0,0,0,1,0.1875,1],"tex":"acacia_trapdoor"},"401":{"shape":[0,0,0,1,0.1875,1],"tex":"birch_trapdoor"},"402":{"shape":[0,0,0,1,0.1875,1],"tex":"dark_oak_trapdoor"},"403":{"shape":[0,0,0,1,0.1875,1],"tex":"jungle_trapdoor"},"404":{"shape":[0,0,0,1,0.1875,1],"tex":"spruce_trapdoor"},"405":{"shape":[0.0625,0,0.0625,0.9375,0.0625,0.9375],"tex":["planks",4]},"406":{"shape":[0.0625,0,0.0625,0.9375,0.0625,0.9375],"tex":["planks",2]},"407":{"shape":[0.0625,0,0.0625,0.9375,0.0625,0.9375],"tex":["planks",5]},"408":{"shape":[0.0625,0,0.0625,0.9375,0.0625,0.9375],"tex":["planks",3]},"409":{"shape":[0.0625,0,0.0625,0.9375,0.0625,0.9375],"tex":["planks",1]},"410":{"tex":["pumpkin_top","pumpkin_top","pumpkin_side",["pumpkin_face",0],"pumpkin_side","pumpkin_side"]},"411":{"sprite":"sea_pickle_carried"},"412":{"shape":[0.3125,0.3125,0.3125,0.6875,0.6875,0.6875],"tex":"conduit"},"414":{"sprite":"turtle_egg_carried"},"417:0":{"shape":[0,0,0,1,0.5,1],"tex":["stone_slab_top_3",0]},"417:1":{"shape":[0,0,0,1,0.5,1],"tex":["stone_slab_top_3",1]},"417:2":{"shape":[0,0,0,1,0.5,1],"tex":["stone_slab_top_3",2]},"417:3":{"shape":[0,0,0,1,0.5,1],"tex":["stone_slab_top_3",3]},"417:4":{"shape":[0,0,0,1,0.5,1],"tex":["stone_slab_top_3",4]},"417:5":{"shape":[0,0,0,1,0.5,1],"tex":["stone_slab_top_3",5]},"417:6":{"shape":[0,0,0,1,0.5,1],"tex":["stone_slab_top_3",6]},"417:7":{"shape":[0,0,0,1,0.5,1],"tex":["stone_slab_top_3",7]},"418":{"sprite":"bamboo_carried"},"420":[{"shape":[0,0,0.875,0.125,0.875,1],"tex":"scaffolding_side"},{"shape":[0.875,0,0.875,1,0.875,1],"tex":"scaffolding_side"},{"shape":[0.875,0,0,1,0.875,0.125],"tex":"scaffolding_side"},{"shape":[0,0,0,0.125,0.875,0.125],"tex":"scaffolding_side"},{"shape":[0,0.875,0,1,1,1],"tex":["scaffolding_top","scaffolding_side","scaffolding_bottom"]}],"421:0":{"shape":[0,0,0,1,0.5,1],"tex":["stone_slab_top_4",0]},"421:1":{"shape":[0,0,0,1,0.5,1],"tex":["stone_slab_top_4",1]},"421:2":{"shape":[0,0,0,1,0.5,1],"tex":["stone_slab_top_4",2]},"421:3":{"shape":[0,0,0,1,0.5,1],"tex":["stone_slab_top_4",3]},"421:4":{"shape":[0,0,0,1,0.5,1],"tex":["stone_slab_top_4",4]},"424":{"render":10,"tex":"granite"},"425":{"render":10,"tex":"diorite"},"426":{"render":10,"tex":"andesite"},"427":{"render":10,"tex":"polished_granite"},"428":{"render":10,"tex":"polished_diorite"},"429":{"render":10,"tex":"polished_andesite"},"430":{"render":10,"tex":"mossy_stone_brick"},"431":{"render":10,"tex":"smooth_red_sandstone"},"432":{"render":10,"tex":"smooth_sandstone"},"433":{"render":10,"tex":"end_bricks"},"434":{"render":10,"tex":"cobblestone_mossy"},"435":{"render":10,"tex":["stone",0]},"438":{"tex":"smooth_stone"},"439":{"render":10,"tex":"red_nether_brick"},"440":{"render":10,"tex":["quartz_block_top",0]},"449":{"sprite":"lectern_icon"},"450":{"sprite":"grindstone_icon"},"451":{"tex":["blast_furnace_top","blast_furnace_top","blast_furnace_side","blast_furnace_front","blast_furnace_side","blast_furnace_side"]},"452":[{"shape":[0,0,0,1,0.5625,1],"tex":["stonecutter2_top","stonecutter2_side","stonecutter2_bottom"]},{"shape":[0.5,0.5625,0,0.5,1,1],"tex":"stonecutter2_saw"}],"453":{"tex":["smoker_bottom","smoker_top","smoker_side","smoker_front_off","smoker_side","smoker_side"]},"455":{"tex":["cartography_table_top","cartography_table_side3","cartography_table_bottom"]},"456":{"tex":[["planks",2],"fletching_table_top","fletching_table_side2","fletching_table_side2","fletching_table_side1","fletching_table_side1"]},"457":{"tex":["smithing_table_bottom","smithing_table_top","smithing_table_front","smithing_table_front","smithing_table_side","smithing_table_side"]},"458":{"tex":["barrel_top","barrel_side","barrel_bottom"]},"459":{"tex":["loom_bottom","loom_top","loom_side","loom_front","loom_side","loom_side"]},"461":{"sprite":"bell_carried"},"463":{"sprite":"lantern_carried"},"467:0":{"tex":["wood",0]},"467:1":{"tex":["wood",2]},"467:2":{"tex":["wood",4]},"467:3":{"tex":["wood",6]},"467:4":{"tex":["wood",8]},"467:5":{"tex":["wood",10]},"467:8":{"tex":["wood",1]},"467:9":{"tex":["wood",3]},"467:10":{"tex":["wood",5]},"467:11":{"tex":["wood",7]},"467:12":{"tex":["wood",9]},"467:13":{"tex":["wood",11]},"468":[{"shape":[0.125,0,0.125,0.875,0.125,0.875],"tex":"composter_bottom"},{"shape":[0,0,0.875,1,1,1],"tex":["composter_top","composter_side","composter_bottom"]},{"shape":[0.875,0,0,1,1,1],"tex":["composter_top","composter_side","composter_bottom"]},{"shape":[0,0,0,0.125,1,1],"tex":["composter_top","composter_side","composter_bottom"]},{"shape":[0,0,0,1,1,0.125],"tex":["composter_top","composter_side","composter_bottom"]}],"bee_nest":{"tex":["bee_nest_bottom","bee_nest_top","bee_nest_side","bee_nest_front","bee_nest_side","bee_nest_side"]},"beehive":{"tex":["beehive_top","beehive_top","beehive_side","beehive_front","beehive_side","beehive_side"]},"honey_block":{"tex":["honey_top","honey_bottom","honey_side"]},"honeycomb_block":{"tex":"honeycomb_block"},"ancient_debris":{"tex":["ancient_debris_top","ancient_debris_side","ancient_debris_top"]},"netherite_block":{"tex":"netherite_block"},"basalt":{"tex":["basalt_top","basalt_side","basalt_top"]},"blackstone":{"tex":"blackstone"},"polished_basalt":{"tex":["polished_basalt_top","polished_basalt_side","polished_basalt_side"]},"polished_blackstone":{"tex":"polished_blackstone"},"polished_blackstone_bricks":{"tex":"polished_blackstone_bricks"},"blackstone_slab":{"shape":[0,0,0,1,0.5,1],"tex":"blackstone"},"polished_blackstone_brick_slab":{"shape":[0,0,0,1,0.5,1],"tex":"polished_blackstone_bricks"},"polished_blackstone_slab":{"shape":[0,0,0,1,0.5,1],"tex":"polished_blackstone"},"blackstone_stairs":{"render":10,"tex":"blackstone"},"polished_blackstone_brick_stairs":{"render":10,"tex":"polished_blackstone_bricks"},"polished_blackstone_stairs":{"render":10,"tex":"polished_blackstone"},"blackstone_wall":{"render":32,"tex":"blackstone"},"polished_blackstone_brick_wall":{"render":32,"tex":"polished_blackstone_bricks"},"polished_blackstone_wall":{"render":32,"tex":"polished_blackstone"},"chiseled_nether_bricks":{"tex":"chiseled_nether_bricks"},"chiseled_polished_blackstone":{"tex":"chiseled_polished_blackstone"},"cracked_nether_bricks":{"tex":"cracked_nether_bricks"},"cracked_polished_blackstone_bricks":{"tex":"cracked_polished_blackstone_bricks"},"polished_blackstone_button":{"shape":[0.3125,0.375,0.4375,0.6875,0.625,0.5625],"tex":"polished_blackstone"},"crimson_button":{"shape":[0.3125,0.375,0.4375,0.6875,0.625,0.5625],"tex":"crimson_planks"},"warped_button":{"shape":[0.3125,0.375,0.4375,0.6875,0.625,0.5625],"tex":"warped_planks"},"crimson_fence":{"render":11,"tex":"crimson_planks"},"warped_fence":{"render":11,"tex":"warped_planks"},"crimson_fence_gate":{"render":23,"tex":"crimson_planks"},"warped_fence_gate":{"render":23,"tex":"warped_planks"},"crimson_fungus":{"sprite":"nether_shroom_red"},"warped_fungus":{"sprite":"nether_shroom_blue"},"crimson_hyphae":{"tex":"crimson_log_side"},"warped_hyphae":{"tex":"warped_stem_side"},"crimson_nylium":{"tex":["crimson_nylium_top","crimson_nylium_side","netherrack"]},"warped_nylium":{"tex":["warped_nylium_top","warped_nylium_side","netherrack"]},"crimson_pressure_plate":{"shape":[0.0625,0,0.0625,0.9375,0.0625,0.9375],"tex":"crimson_planks"},"warped_pressure_plate":{"shape":[0.0625,0,0.0625,0.9375,0.0625,0.9375],"tex":"warped_planks"},"crimson_roots":{"sprite":"crimson_roots"},"warped_roots":{"sprite":"warped_roots"},"crimson_slab":{"shape":[0,0,0,1,0.5,1],"tex":"crimson_planks"},"warped_slab":{"shape":[0,0,0,1,0.5,1],"tex":"warped_planks"},"crimson_stairs":{"render":10,"tex":"crimson_planks"},"warped_stairs":{"render":10,"tex":"warped_planks"},"crimson_stem":{"tex":["crimson_log_top","crimson_log_side","crimson_log_top"]},"warped_stem":{"tex":["warped_stem_top","warped_stem_side","warped_stem_top"]},"crimson_trapdoor":{"shape":[0,0,0,1,0.1875,1],"tex":"crimson_trapdoor"},"warped_trapdoor":{"shape":[0,0,0,1,0.1875,1],"tex":"warped_trapdoor"},"crying_obsidian":{"tex":"crying_obsidian"},"gilded_blackstone":{"tex":"gilded_blackstone"},"lodestone":{"tex":["lodestone_top","lodestone_side","lodestone_top"]},"nether_gold_ore":{"tex":"nether_gold_ore"},"nether_sprouts":{"sprite":"nether_sprouts"},"quartz_bricks":{"tex":"quartz_bricks"},"respawn_anchor":{"tex":["respawn_anchor_top","respawn_anchor_side","respawn_anchor_bottom"]},"shroomlight":{"tex":"shroomlight"},"soul_lantern":{"sprite":"soul_lantern_carried"},"soul_soil":{"tex":"soul_soil"},"soul_torch":{"sprite":"soul_torch"},"stripped_crimson_hyphae":{"tex":"stripped_crimson_stem_side"},"stripped_crimson_stem":{"tex":["stripped_crimson_stem_top","stripped_crimson_stem_side","stripped_crimson_stem_top"]},"stripped_warped_hyphae":{"tex":"stripped_warped_stem_side"},"stripped_warped_stem":{"tex":["stripped_warped_stem_top","stripped_warped_stem_side","stripped_warped_stem_top"]},"target":{"tex":["target_top","target_side","target_top"]},"twisting_vines":{"sprite":"twisting_vines_base"},"warped_wart_block":{"tex":"warped_wart_block"},"weeping_vines":{"sprite":"weeping_vines_base"},"wither_rose":{"sprite":"wither_rose"},"warped_planks":{"tex":"warped_planks"},"crimson_planks":{"tex":"crimson_planks"},"99:0":{"tex":[["mushroom_brown_bottom",0],["mushroom_brown_top",0],["mushroom_brown_west",0],["mushroom_brown_east",0],["mushroom_brown_south",0],["mushroom_brown_north",0]]},"100:0":{"tex":[["mushroom_red_bottom",0],["mushroom_red_top",0],["mushroom_red_west",0],["mushroom_red_east",0],["mushroom_red_south",0],["mushroom_red_north",0]]},"99:1":{"tex":[["mushroom_brown_bottom",1],["mushroom_brown_top",1],["mushroom_brown_west",1],["mushroom_brown_east",1],["mushroom_brown_south",1],["mushroom_brown_north",1]]},"100:1":{"tex":[["mushroom_red_bottom",1],["mushroom_red_top",1],["mushroom_red_west",1],["mushroom_red_east",1],["mushroom_red_south",1],["mushroom_red_north",1]]},"99:2":{"tex":[["mushroom_brown_bottom",2],["mushroom_brown_top",2],["mushroom_brown_west",2],["mushroom_brown_east",2],["mushroom_brown_south",2],["mushroom_brown_north",2]]},"100:2":{"tex":[["mushroom_red_bottom",2],["mushroom_red_top",2],["mushroom_red_west",2],["mushroom_red_east",2],["mushroom_red_south",2],["mushroom_red_north",2]]},"99:3":{"tex":[["mushroom_brown_bottom",3],["mushroom_brown_top",3],["mushroom_brown_west",3],["mushroom_brown_east",3],["mushroom_brown_south",3],["mushroom_brown_north",3]]},"100:3":{"tex":[["mushroom_red_bottom",3],["mushroom_red_top",3],["mushroom_red_west",3],["mushroom_red_east",3],["mushroom_red_south",3],["mushroom_red_north",3]]},"99:4":{"tex":[["mushroom_brown_bottom",4],["mushroom_brown_top",4],["mushroom_brown_west",4],["mushroom_brown_east",4],["mushroom_brown_south",4],["mushroom_brown_north",4]]},"100:4":{"tex":[["mushroom_red_bottom",4],["mushroom_red_top",4],["mushroom_red_west",4],["mushroom_red_east",4],["mushroom_red_south",4],["mushroom_red_north",4]]},"99:5":{"tex":[["mushroom_brown_bottom",5],["mushroom_brown_top",5],["mushroom_brown_west",5],["mushroom_brown_east",5],["mushroom_brown_south",5],["mushroom_brown_north",5]]},"100:5":{"tex":[["mushroom_red_bottom",5],["mushroom_red_top",5],["mushroom_red_west",5],["mushroom_red_east",5],["mushroom_red_south",5],["mushroom_red_north",5]]},"99:6":{"tex":[["mushroom_brown_bottom",6],["mushroom_brown_top",6],["mushroom_brown_west",6],["mushroom_brown_east",6],["mushroom_brown_south",6],["mushroom_brown_north",6]]},"100:6":{"tex":[["mushroom_red_bottom",6],["mushroom_red_top",6],["mushroom_red_west",6],["mushroom_red_east",6],["mushroom_red_south",6],["mushroom_red_north",6]]},"99:7":{"tex":[["mushroom_brown_bottom",7],["mushroom_brown_top",7],["mushroom_brown_west",7],["mushroom_brown_east",7],["mushroom_brown_south",7],["mushroom_brown_north",7]]},"100:7":{"tex":[["mushroom_red_bottom",7],["mushroom_red_top",7],["mushroom_red_west",7],["mushroom_red_east",7],["mushroom_red_south",7],["mushroom_red_north",7]]},"99:8":{"tex":[["mushroom_brown_bottom",8],["mushroom_brown_top",8],["mushroom_brown_west",8],["mushroom_brown_east",8],["mushroom_brown_south",8],["mushroom_brown_north",8]]},"100:8":{"tex":[["mushroom_red_bottom",8],["mushroom_red_top",8],["mushroom_red_west",8],["mushroom_red_east",8],["mushroom_red_south",8],["mushroom_red_north",8]]},"99:9":{"tex":[["mushroom_brown_bottom",9],["mushroom_brown_top",9],["mushroom_brown_west",9],["mushroom_brown_east",9],["mushroom_brown_south",9],["mushroom_brown_north",9]]},"100:9":{"tex":[["mushroom_red_bottom",9],["mushroom_red_top",9],["mushroom_red_west",9],["mushroom_red_east",9],["mushroom_red_south",9],["mushroom_red_north",9]]},"99:10":{"tex":[["mushroom_brown_bottom",10],["mushroom_brown_top",10],["mushroom_brown_west",10],["mushroom_brown_east",10],["mushroom_brown_south",10],["mushroom_brown_north",10]]},"100:10":{"tex":[["mushroom_red_bottom",10],["mushroom_red_top",10],["mushroom_red_west",10],["mushroom_red_east",10],["mushroom_red_south",10],["mushroom_red_north",10]]},"99:11":{"tex":[["mushroom_brown_bottom",11],["mushroom_brown_top",11],["mushroom_brown_west",11],["mushroom_brown_east",11],["mushroom_brown_south",11],["mushroom_brown_north",11]]},"100:11":{"tex":[["mushroom_red_bottom",11],["mushroom_red_top",11],["mushroom_red_west",11],["mushroom_red_east",11],["mushroom_red_south",11],["mushroom_red_north",11]]},"99:12":{"tex":[["mushroom_brown_bottom",12],["mushroom_brown_top",12],["mushroom_brown_west",12],["mushroom_brown_east",12],["mushroom_brown_south",12],["mushroom_brown_north",12]]},"100:12":{"tex":[["mushroom_red_bottom",12],["mushroom_red_top",12],["mushroom_red_west",12],["mushroom_red_east",12],["mushroom_red_south",12],["mushroom_red_north",12]]},"99:13":{"tex":[["mushroom_brown_bottom",13],["mushroom_brown_top",13],["mushroom_brown_west",13],["mushroom_brown_east",13],["mushroom_brown_south",13],["mushroom_brown_north",13]]},"100:13":{"tex":[["mushroom_red_bottom",13],["mushroom_red_top",13],["mushroom_red_west",13],["mushroom_red_east",13],["mushroom_red_south",13],["mushroom_red_north",13]]},"99:14":{"tex":[["mushroom_brown_bottom",14],["mushroom_brown_top",14],["mushroom_brown_west",14],["mushroom_brown_east",14],["mushroom_brown_south",14],["mushroom_brown_north",14]]},"100:14":{"tex":[["mushroom_red_bottom",14],["mushroom_red_top",14],["mushroom_red_west",14],["mushroom_red_east",14],["mushroom_red_south",14],["mushroom_red_north",14]]},"99:15":{"tex":[["mushroom_brown_bottom",15],["mushroom_brown_top",15],["mushroom_brown_west",15],["mushroom_brown_east",15],["mushroom_brown_south",15],["mushroom_brown_north",15]]},"100:15":{"tex":[["mushroom_red_bottom",15],["mushroom_red_top",15],["mushroom_red_west",15],["mushroom_red_east",15],["mushroom_red_south",15],["mushroom_red_north",15]]}}