{
	"flint_and_steel": "flint_and_steel",
	"apple": "apple",
	"bow": "bow_standby",
	"262:0": "arrow",
	"262:1": ["tipped_arrow", 3],
	"262:2": ["tipped_arrow", 3],
	"262:3": ["tipped_arrow", 3],
	"262:4": ["tipped_arrow", 3],
	"262:5": ["tipped_arrow", 3],
	"262:6": ["tipped_arrow", 16],
	"262:7": ["tipped_arrow", 16],
	"262:8": ["tipped_arrow", 14],
	"262:9": ["tipped_arrow", 14],
	"262:10": ["tipped_arrow", 8],
	"262:11": ["tipped_arrow", 8],
	"262:12": ["tipped_arrow", 8],
	"262:13": ["tipped_arrow", 11],
	"262:14": ["tipped_arrow", 11],
	"262:15": ["tipped_arrow", 1],
	"262:16": ["tipped_arrow", 1],
	"262:17": ["tipped_arrow", 1],
	"262:18": ["tipped_arrow", 2],
	"262:19": ["tipped_arrow", 2],
	"262:20": ["tipped_arrow", 0],
	"262:21": ["tipped_arrow", 0],
	"262:22": ["tipped_arrow", 6],
	"262:23": ["tipped_arrow", 6],
	"262:24": ["tipped_arrow", 7],
	"262:25": ["tipped_arrow", 7],
	"262:26": ["tipped_arrow", 19],
	"262:27": ["tipped_arrow", 19],
	"262:28": ["tipped_arrow", 19],
	"262:29": ["tipped_arrow", 10],
	"262:30": ["tipped_arrow", 10],
	"262:31": ["tipped_arrow", 10],
	"262:32": ["tipped_arrow", 5],
	"262:33": ["tipped_arrow", 5],
	"262:34": ["tipped_arrow", 5],
	"262:35": ["tipped_arrow", 18],
	"262:36": ["tipped_arrow", 18],
	"262:37": ["tipped_arrow", 3],
	"coal": "coal",
	"charcoal": "charcoal",
	"diamond": "diamond",
	"iron_ingot": "iron_ingot",
	"gold_ingot": "gold_ingot",
	"netherite_scrap": "netherite_scrap",
	"netherite_ingot": "netherite_ingot",
	"wooden_sword": ["sword", 0],
	"stone_sword": ["sword", 1],
	"iron_sword": ["sword", 2],
	"golden_sword": ["sword", 3],
	"diamond_sword": ["sword", 4],
	"netherite_sword": ["sword", 5],
	"wooden_shovel": ["shovel", 0],
	"stone_shovel": ["shovel", 1],
	"iron_shovel": ["shovel", 2],
	"golden_shovel": ["shovel", 3],
	"diamond_shovel": ["shovel", 4],
	"netherite_shovel": ["shovel", 5],
	"wooden_pickaxe": ["pickaxe", 0],
	"stone_pickaxe": ["pickaxe", 1],
	"iron_pickaxe": ["pickaxe", 2],
	"golden_pickaxe": ["pickaxe", 3],
	"diamond_pickaxe": ["pickaxe", 4],
	"netherite_pickaxe": ["pickaxe", 5],
	"wooden_axe": ["axe", 0],
	"stone_axe": ["axe", 1],
	"iron_axe": ["axe", 2],
	"golden_axe": ["axe", 3],
	"diamond_axe": ["axe", 4],
	"netherite_axe": ["axe", 5],
	"wooden_hoe": ["hoe", 0],
	"stone_hoe": ["hoe", 1],
	"iron_hoe": ["hoe", 2],
	"golden_hoe": ["hoe", 3],
	"diamond_hoe": ["hoe", 4],
	"netherite_hoe": ["hoe", 5],
	"stick": "stick",
	"bowl": "bowl",
	"mushroom_stew": "mushroom_stew",
	"string": "string",
	"feather": "feather",
	"gunpowder": "gunpowder",
	"wheat_seeds": "seeds_wheat",
	"wheat": "wheat",
	"bread": "bread",
	"leather_helmet": "leather_helmet_icon",
	"leather_chestplate": "leather_chestplate_icon",
	"leather_leggings": "leather_leggings_icon",
	"leather_boots": "leather_boots_icon",
	"chainmail_helmet": ["helmet", 1],
	"chainmail_chestplate": ["chestplate", 1],
	"chainmail_leggings": ["leggings", 1],
	"chainmail_boots": ["boots", 1],
	"iron_helmet": ["helmet", 2],
	"iron_chestplate": ["chestplate", 2],
	"iron_leggings": ["leggings", 2],
	"iron_boots": ["boots", 2],
	"golden_helmet": ["helmet", 3],
	"golden_chestplate": ["chestplate", 3],
	"golden_leggings": ["leggings", 3],
	"golden_boots": ["boots", 3],
	"diamond_helmet": ["helmet", 4],
	"diamond_chestplate": ["chestplate", 4],
	"diamond_leggings": ["leggings", 4],
	"diamond_boots": ["boots", 4],
	"netherite_helmet": ["helmet", 5],
	"netherite_chestplate": ["chestplate", 5],
	"netherite_leggings": ["leggings", 5],
	"netherite_boots": ["boots", 5],
	"flint": "flint",
	"porkchop": "porkchop_raw",
	"cooked_porkchop": "porkchop_cooked",
	"painting": "painting",
	"golden_apple": "apple_golden",
	"oak_sign": "sign",
	"wooden_door": "wooden_door",
	"bucket": ["bucket", 0],
	"milk_bucket": ["bucket", 1],
	"cod_bucket": ["bucket", 4],
	"salmon_bucket": ["bucket", 5],
	"tropical_fish_bucket": ["bucket", 6],
	"pufferfish_bucket": ["bucket", 7],
	"water_bucket": ["bucket", 2],
	"lava_bucket": ["bucket", 3],
	"minecart": "minecart_normal",
	"saddle": "saddle",
	"iron_door": "iron_door",
	"redstone": "redstone_dust",
	"snowball": "snowball",
	"oak_boat": ["boat", 0],
	"spruce_boat": ["boat", 1],
	"birch_boat": ["boat", 2],
	"jungle_boat": ["boat", 3],
	"acacia_boat": ["boat", 4],
	"dark_oak_boat": ["boat", 5],
	"333:0": ["boat", 0],
	"333:1": ["boat", 1],
	"333:2": ["boat", 2],
	"333:3": ["boat", 3],
	"333:4": ["boat", 4],
	"333:5": ["boat", 5],
	"leather": "leather",
	"kelp": "kelp",
	"brick": "brick",
	"clay_ball": "clay_ball",
	"sugar_cane": "reeds",
	"paper": "paper",
	"book": "book_normal",
	"slime_ball": "slimeball",
	"chest_minecart": "minecart_chest",
	"egg": "egg",
	"compass": "compass_item",
	"fishing_rod": "fishing_rod",
	"clock": "clock_item",
	"glowstone_dust": "glowstone_dust",
	"cod": "fish",
	"cooked_cod": "cooked_fish",
	"ink_sac": ["dye_powder", 0],
	"red_dye": ["dye_powder", 1],
	"green_dye": ["dye_powder", 2],
	"cocoa_beans": ["dye_powder", 3],
	"lapis_lazuli": ["dye_powder", 4],
	"purple_dye": ["dye_powder", 5],
	"cyan_dye": ["dye_powder", 6],
	"light_gray_dye": ["dye_powder", 7],
	"gray_dye": ["dye_powder", 8],
	"pink_dye": ["dye_powder", 9],
	"lime_dye": ["dye_powder", 10],
	"yellow_dye": ["dye_powder", 11],
	"light_blue_dye": ["dye_powder", 12],
	"magenta_dye": ["dye_powder", 13],
	"orange_dye": ["dye_powder", 14],
	"bone_meal": ["dye_powder", 15],
	"black_dye": ["dye_powder", 16],
	"brown_dye": ["dye_powder", 17],
	"blue_dye": ["dye_powder", 18],
	"white_dye": ["dye_powder", 19],
	"bone": "bone",
	"sugar": "sugar",
	"cake": "cake",
	"355:0": ["bed", 0],
	"355:1": ["bed", 1],
	"355:2": ["bed", 2],
	"355:3": ["bed", 3],
	"355:4": ["bed", 4],
	"355:5": ["bed", 5],
	"355:6": ["bed", 6],
	"355:7": ["bed", 7],
	"355:8": ["bed", 8],
	"355:9": ["bed", 9],
	"355:10": ["bed", 10],
	"355:11": ["bed", 11],
	"355:12": ["bed", 12],
	"355:13": ["bed", 13],
	"355:14": ["bed", 14],
	"355:15": ["bed", 15],
	"repeater": "repeater",
	"cookie": "cookie",
	"filled_map": "map_filled",
	"shears": "shears",
	"melon_slice": "melon",
	"pumpkin_seeds": "seeds_pumpkin",
	"melon_seeds": "seeds_melon",
	"beef": "beef_raw",
	"cooked_beef": "beef_cooked",
	"chicken": "chicken_raw",
	"cooked_chicken": "chicken_cooked",
	"rotten_flesh": "rotten_flesh",
	"ender_pearl": "ender_pearl",
	"blaze_rod": "blaze_rod",
	"ghast_tear": "ghast_tear",
	"gold_nugget": "gold_nugget",
	"nether_wart": "nether_wart",
	"373:0":["potion_bottle_drinkable", 0],
	"373:1":["potion_bottle_drinkable", 0],
	"373:2":["potion_bottle_drinkable", 0],
	"373:3":["potion_bottle_drinkable", 0],
	"373:4":["potion_bottle_drinkable", 0],
	"373:5":["potion_bottle_drinkable", 16],
	"373:6":["potion_bottle_drinkable", 16],
	"373:7":["potion_bottle_drinkable", 14],
	"373:8":["potion_bottle_drinkable", 14],
	"373:9":["potion_bottle_drinkable", 8],
	"373:10":["potion_bottle_drinkable", 8],
	"373:11":["potion_bottle_drinkable", 8],
	"373:12":["potion_bottle_drinkable", 21],
	"373:13":["potion_bottle_drinkable", 21],
	"373:14":["potion_bottle_drinkable", 1],
	"373:15":["potion_bottle_drinkable", 1],
	"373:16":["potion_bottle_drinkable", 1],
	"373:17":["potion_bottle_drinkable", 2],
	"373:18":["potion_bottle_drinkable", 2],
	"373:19":["potion_bottle_drinkable", 13],
	"373:20":["potion_bottle_drinkable", 13],
	"373:21":["potion_bottle_drinkable", 6],
	"373:22":["potion_bottle_drinkable", 6],
	"373:23":["potion_bottle_drinkable", 9],
	"373:24":["potion_bottle_drinkable", 9],
	"373:25":["potion_bottle_drinkable", 19],
	"373:26":["potion_bottle_drinkable", 19],
	"373:27":["potion_bottle_drinkable", 19],
	"373:28":["potion_bottle_drinkable", 10],
	"373:29":["potion_bottle_drinkable", 10],
	"373:30":["potion_bottle_drinkable", 10],
	"373:31":["potion_bottle_drinkable", 5],
	"373:32":["potion_bottle_drinkable", 5],
	"373:33":["potion_bottle_drinkable", 5],
	"373:34":["potion_bottle_drinkable", 7],
	"373:35":["potion_bottle_drinkable", 7],
	"glass_bottle": "potion_bottle_empty",
	"spider_eye": "spider_eye",
	"fermented_spider_eye": "spider_eye_fermented",
	"blaze_powder": "blaze_powder",
	"magma_cream": "magma_cream",
	"brewing_stand": "brewing_stand",
	"cauldron": "cauldron",
	"ender_eye": "ender_eye",
	"speckled_melon": "melon_speckled",
	"spawn_egg": ["spawn_egg", 58],
	"chicken_spawn_egg": ["spawn_egg", 0],
	"cow_spawn_egg": ["spawn_egg", 1],
	"pig_spawn_egg": ["spawn_egg", 2],
	"sheep_spawn_egg": ["spawn_egg", 3],
	"wolf_spawn_egg": ["spawn_egg", 4],
	"mooshroom_spawn_egg": ["spawn_egg", 5],
	"creeper_spawn_egg": ["spawn_egg", 6],
	"enderman_spawn_egg": ["spawn_egg", 7],
	"silverfish_spawn_egg": ["spawn_egg", 8],
	"skeleton_spawn_egg": ["spawn_egg", 9],
	"slime_spawn_egg": ["spawn_egg", 10],
	"spider_spawn_egg": ["spawn_egg", 11],
	"zombie_spawn_egg": ["spawn_egg", 12],
	"zombie_pigman_spawn_egg": ["spawn_egg", 13],
	"villager_spawn_egg": ["spawn_egg", 14],
	"squid_spawn_egg": ["spawn_egg", 15],
	"ocelot_spawn_egg": ["spawn_egg", 16],
	"witch_spawn_egg": ["spawn_egg", 17],
	"bat_spawn_egg": ["spawn_egg", 18],
	"ghast_spawn_egg": ["spawn_egg", 19],
	"magma_cube_spawn_egg": ["spawn_egg", 20],
	"blaze_spawn_egg": ["spawn_egg", 21],
	"cave_spider_spawn_egg": ["spawn_egg", 22],
	"horse_spawn_egg": ["spawn_egg", 23],
	"rabbit_spawn_egg": ["spawn_egg", 24],
	"endermite_spawn_egg": ["spawn_egg", 25],
	"guardian_spawn_egg": ["spawn_egg", 26],
	"stray_spawn_egg": ["spawn_egg", 27],
	"husk_spawn_egg": ["spawn_egg", 28],
	"wither_skeleton_spawn_egg": ["spawn_egg", 29],
	"donkey_spawn_egg": ["spawn_egg", 30],
	"mule_spawn_egg": ["spawn_egg", 31],
	"skeleton_horse_spawn_egg": ["spawn_egg", 32],
	"zombie_horse_spawn_egg": ["spawn_egg", 33],
	"shulker_spawn_egg": ["spawn_egg", 34],
	"npc_spawn_egg": ["spawn_egg", 35],
	"elder_guardian_spawn_egg": ["spawn_egg", 36],
	"polar_bear_spawn_egg": ["spawn_egg", 37],
	"llama_spawn_egg": ["spawn_egg", 38],
	"vindicator_spawn_egg": ["spawn_egg", 39],
	"evoker_spawn_egg": ["spawn_egg", 40],
	"vex_spawn_egg": ["spawn_egg", 41],
	"zombie_villager_spawn_egg": ["spawn_egg", 42],
	"parrot_spawn_egg": ["spawn_egg", 43],
	"tropical_fish_spawn_egg": ["spawn_egg", 44],
	"cod_spawn_egg": ["spawn_egg", 45],
	"pufferfish_spawn_egg": ["spawn_egg", 46],
	"salmon_spawn_egg": ["spawn_egg", 47],
	"drowned_spawn_egg": ["spawn_egg", 48],
	"dolphin_spawn_egg": ["spawn_egg", 49],
	"turtle_spawn_egg": ["spawn_egg", 50],
	"phantom_spawn_egg": ["spawn_egg", 51],
	"agent_spawn_egg": ["spawn_egg", 52],
	"cat_spawn_egg": ["spawn_egg", 53],
	"panda_spawn_egg": ["spawn_egg", 54],
	"fox_spawn_egg": ["spawn_egg", 55],
	"pillager_spawn_egg": ["spawn_egg", 56],
	"ravager_spawn_egg": ["spawn_egg", 57],
	"bee_spawn_egg": "spawn_egg_bee",
	"wandering_trader_spawn_egg": "spawn_egg_wandering_trader",
	"experience_bottle": "experience_bottle",
	"fire_charge": "fireball",
	"writable_book": "book_writable",
	"written_book": "book_written",
	"emerald": "emerald",
	"frame": "item_frame",
	"flower_pot": "flower_pot",
	"carrot": "carrot",
	"potato": "potato",
	"baked_potato": "potato_baked",
	"poisonous_potato": "potato_poisonous",
	"empty_map": "map_empty",
	"golden_carrot": "carrot_golden",
	"397:0": "skull_skeleton",
	"397:1": "skull_wither",
	"397:2": "skull_zombie",
	"397:3": "skull_steve",
	"397:4": "skull_creeper",
	"397:5": "skull_dragon",
	"carrot_on_a_stick": "carrot_on_a_stick",
	"nether_star": "nether_star",
	"pumpkin_pie": "pumpkin_pie",
	"firework_rocket": "fireworks",
	"firework_star": "fireworks_charge",
	"enchanted_book": "book_enchanted",
	"comparator": "comparator",
	"nether_brick": "netherbrick",
	"quartz": "quartz",
	"tnt_minecart": "minecart_tnt",
	"hopper_minecart": "minecart_hopper",
	"prismarine_crystals": "prismarine_crystals",
	"hopper": "hopper",
	"rabbit": "rabbit",
	"cooked_rabbit": "rabbit_cooked",
	"rabbit_stew": "rabbit_stew",
	"rabbit_foot": "rabbit_foot",
	"rabbit_hide": "rabbit_hide",
	"leather_horse_armor": "leather_horse_armor_icon",
	"iron_horse_armor": "iron_horse_armor",
	"golden_horse_armor": "gold_horse_armor",
	"diamond_horse_armor": "diamond_horse_armor",
	"lead": "lead",
	"name_tag": "name_tag",
	"prismarine_shard": "prismarine_shard",
	"mutton": "mutton_raw",
	"cooked_mutton": "mutton_cooked",
	"armor_stand": "armor_stand",
	"end_crystal": "end_crystal",
	"spruce_door": "spruce_door",
	"birch_door": "birch_door",
	"jungle_door": "jungle_door",
	"acacia_door": "acacia_door",
	"dark_oak_door": "dark_oak_door",
	"chorus_fruit": "chorus_fruit",
	"popped_chorus_fruit": "chorus_fruit_popped",
	"banner_pattern": "banner_pattern",
	"dragon_breath": "dragon_breath",
	"438:0":["potion_bottle_splash", 0],
	"438:1":["potion_bottle_splash", 0],
	"438:2":["potion_bottle_splash", 0],
	"438:3":["potion_bottle_splash", 0],
	"438:4":["potion_bottle_splash", 0],
	"438:5":["potion_bottle_splash", 16],
	"438:6":["potion_bottle_splash", 16],
	"438:7":["potion_bottle_splash", 14],
	"438:8":["potion_bottle_splash", 14],
	"438:9":["potion_bottle_splash", 8],
	"438:10":["potion_bottle_splash", 8],
	"438:11":["potion_bottle_splash", 8],
	"438:12":["potion_bottle_splash", 21],
	"438:13":["potion_bottle_splash", 21],
	"438:14":["potion_bottle_splash", 1],
	"438:15":["potion_bottle_splash", 1],
	"438:16":["potion_bottle_splash", 1],
	"438:17":["potion_bottle_splash", 2],
	"438:18":["potion_bottle_splash", 2],
	"438:19":["potion_bottle_splash", 13],
	"438:20":["potion_bottle_splash", 13],
	"438:21":["potion_bottle_splash", 6],
	"438:22":["potion_bottle_splash", 6],
	"438:23":["potion_bottle_splash", 9],
	"438:24":["potion_bottle_splash", 9],
	"438:25":["potion_bottle_splash", 19],
	"438:26":["potion_bottle_splash", 19],
	"438:27":["potion_bottle_splash", 19],
	"438:28":["potion_bottle_splash", 10],
	"438:29":["potion_bottle_splash", 10],
	"438:30":["potion_bottle_splash", 10],
	"438:31":["potion_bottle_splash", 5],
	"438:32":["potion_bottle_splash", 5],
	"438:33":["potion_bottle_splash", 5],
	"438:34":["potion_bottle_splash", 7],
	"438:35":["potion_bottle_splash", 7],
	"441:0":["potion_bottle_lingering", 0],
	"441:1":["potion_bottle_lingering", 0],
	"441:2":["potion_bottle_lingering", 0],
	"441:3":["potion_bottle_lingering", 0],
	"441:4":["potion_bottle_lingering", 0],
	"441:5":["potion_bottle_lingering", 16],
	"441:6":["potion_bottle_lingering", 16],
	"441:7":["potion_bottle_lingering", 14],
	"441:8":["potion_bottle_lingering", 14],
	"441:9":["potion_bottle_lingering", 8],
	"441:10":["potion_bottle_lingering", 8],
	"441:11":["potion_bottle_lingering", 8],
	"441:12":["potion_bottle_lingering", 21],
	"441:13":["potion_bottle_lingering", 21],
	"441:14":["potion_bottle_lingering", 1],
	"441:15":["potion_bottle_lingering", 1],
	"441:16":["potion_bottle_lingering", 1],
	"441:17":["potion_bottle_lingering", 2],
	"441:18":["potion_bottle_lingering", 2],
	"441:19":["potion_bottle_lingering", 13],
	"441:20":["potion_bottle_lingering", 13],
	"441:21":["potion_bottle_lingering", 6],
	"441:22":["potion_bottle_lingering", 6],
	"441:23":["potion_bottle_lingering", 9],
	"441:24":["potion_bottle_lingering", 9],
	"441:25":["potion_bottle_lingering", 19],
	"441:26":["potion_bottle_lingering", 19],
	"441:27":["potion_bottle_lingering", 19],
	"441:28":["potion_bottle_lingering", 10],
	"441:29":["potion_bottle_lingering", 10],
	"441:30":["potion_bottle_lingering", 10],
	"441:31":["potion_bottle_lingering", 5],
	"441:32":["potion_bottle_lingering", 5],
	"441:33":["potion_bottle_lingering", 5],
	"441:34":["potion_bottle_lingering", 7],
	"441:35":["potion_bottle_lingering", 7],
	"command_block_minecart": "minecart_command_block",
	"elytra": "elytra",
	"shulker_shell": "shulker_shell",
	"446:0": ["banner_icon", 0],
	"446:1": ["banner_icon", 1],
	"446:2": ["banner_icon", 2],
	"446:3": ["banner_icon", 3],
	"446:4": ["banner_icon", 4],
	"446:5": ["banner_icon", 5],
	"446:6": ["banner_icon", 6],
	"446:7": ["banner_icon", 7],
	"446:8": ["banner_icon", 8],
	"446:9": ["banner_icon", 9],
	"446:10": ["banner_icon", 10],
	"446:11": ["banner_icon", 11],
	"446:12": ["banner_icon", 12],
	"446:13": ["banner_icon", 13],
	"446:14": ["banner_icon", 14],
	"446:15": ["banner_icon", 15],
	"446:16": ["banner_icon", 16],
	"totem_of_undying": "totem",
	"iron_nugget": "iron_nugget",
	"trident": "trident",
	"beetroot": "beetroot",
	"beetroot_seeds": "seeds_beetroot",
	"beetroot_soup": "beetroot_soup",
	"salmon": "salmon",
	"tropical_fish": "clownfish",
	"pufferfish": "pufferfish",
	"cooked_salmon": "cooked_salmon",
	"dried_kelp": "dried_kelp",
	"nautilus_shell": "nautilus_shell",
	"enchanted_golden_apple": "apple_golden",
	"heart_of_the_sea": "heart_of_the_sea",
	"scute": "turtle_shell_piece",
	"turtle_helmet": "turtle_helmet",
	"phantom_membrane": "phantom_membrane",
	"crossbow": "crossbow_standby",
	"spruce_sign": "sign_spruce",
	"birch_sign": "sign_birch",
	"jungle_sign": "sign_jungle",
	"acacia_sign": "sign_acacia",
	"dark_oak_sign": "sign_darkoak",
	"sweet_berries": "sweet_berries",
	"music_disc_13": "record_13",
	"music_disc_cat": "record_cat",
	"music_disc_blocks": "record_blocks",
	"music_disc_chirp": "record_chirp",
	"music_disc_far": "record_far",
	"music_disc_mall": "record_mall",
	"music_disc_mellohi": "record_mellohi",
	"music_disc_stal": "record_stal",
	"music_disc_strad": "record_strad",
	"music_disc_ward": "record_ward",
	"music_disc_11": "record_11",
	"music_disc_wait": "record_wait",
	"music_disc_pigstep": "record_pigstep",
	"shield": "shield_icon",
	"campfire": "campfire",
	"honey_bottle": "honey_bottle",
	"honeycomb": "honeycomb",
	"soul_campfire": "soul_campfire",
	"chain": "chain",
	"crimson_door": "crimson_door",
	"warped_door": "warped_door",
	"crimson_sign": "crimson_sign_item",
	"warped_sign": "warped_sign_item",
	"warped_fungus_on_a_stick": "warped_fungus_on_a_stick"
}